Date,Campaign,Campaign UUID,Campaign End Date,Campaign Link,Campaign Segment,Campaign Segment UUID,Campaign Segment Link,Campaign Start Date,Campaign Type,Campaign Updated At,Sends,Delivered,Bounces,Soft Bounces,Impressions,Unique Impressions,Revenue per Purchase,Revenue,Purchases,Unique Open Rate,Clicks,Unique Clicks,Unique Click %,CTOR,Unsubscribe Rate,Unsubscribes,Spam Rate,Spam Reports,Add to Cart,Orders,Activations,BCC Sends,Clicks (bot only),Clicks (user only),Device Bounces,Device Sends,Dismisses,Drops,Holdouts,Impressions (pre-fetch only),Impressions (user only),Journey Actions,Subscribes,Subscription Cancels,Subscription Downgrade,Subscription Starts,Subscription Upgrade,Unique Clicks (bot only),Unique Clicks (user only),Unique Impressions (pre-fetch only),Unique Impressions (user only),Unique Soft Bounces,Visits,Add to Wishlist,App install,App update,Category View,Digioh Sign Up,Financing Alert Cart,Financing Alert Wishlist,GX Add to Cart,GX Listing View,GX Purchase,InSync View,Inbound Message,Manufacturer View,New Lead,Push Notification Test,Remove from Wishlist,Time To Reorder (Consumables),add_to_cart,app_open,april2025_15off_email,april2025_20off_email,back_in_stock.add_to_cart,back_in_stock.add_to_wishlist,catalog_change.sw_financingmonths_v2.add_to_cart,catalog_change.sw_financingmonths_v2.add_to_wishlist,checkout,identify,item-alert-rebate-available,item_alert,item_alert_preowned,item_alert_price_increase,journey_gatekeeper_triggered,journey_queue_completed,journey_started,pageload,persona_gateway,price_change.add_to_cart,price_change.add_to_wishlist,purchase,remove_from_cart,se_subscribe,se_unsubscribe,search,subscribe_interest,unsubscribe_interest,view,web_subscribe,web_unsubscribe,Bounce Rate,Click %,Clicks per Unique Impression,Delivered %,Opens/Sends,Orders per Unique Click,Revenue %,Revenue per Delivered,Revenue per Impression,Revenue per Order,Revenue per Unique Click,Spam Report %,Unique Clicks per Send,Unique Impressions (user only) %,Unique Soft Bounce %
2022-01-01T00:00:00-05:00 - 2025-05-12T23:59:59-04:00,[Tagger] T1 Members,34c4fd23-c864-4bb0-8e43-adc4816c6552,none,https://app.getblueshift.com/dashboard#/app/campaigns/34c4fd23-c864-4bb0-8e43-adc4816c6552/details,T1 Tag Queue,93948a19-a374-47f4-a254-40ee3c9955f5,https://app.getblueshift.com/dashboard#/app/segments/93948a19-a374-47f4-a254-40ee3c9955f5/edit,6/10/24 4:00,Segment Triggered,4/28/25 12:54,15083979,0,0,0,0,0,0,0,0,0,0,0,0,0,0,0,0,0,0,0,0,0,0,0,0,0,0,0,0,0,0,0,0,0,0,0,0,0,0,0,0,0,0,0,0,0,0,0,0,0,0,0,0,0,0,0,0,0,0,0,0,0,0,0,0,0,0,0,0,0,0,0,0,0,0,0,0,0,0,0,0,0,0,0,0,0,0,0,0,0,0,0,0,0,0,0,0,0,0,0,0,0,0,0,0,0
2022-01-01T00:00:00-05:00 - 2025-05-12T23:59:59-04:00,Abandoned Browse,f45fd524-0043-4e28-8661-2528ee7ac27d,none,https://app.getblueshift.com/dashboard#/app/campaigns/f45fd524-0043-4e28-8661-2528ee7ac27d/details,Abandoned Browse,bb8420b4-c3e8-4397-9f45-d9d12386e574,https://app.getblueshift.com/dashboard#/app/segments/bb8420b4-c3e8-4397-9f45-d9d12386e574/edit,9/12/23 19:38,Segment Triggered,5/12/25 20:01,8469578,8429865,1085,37087,5968011,3878498,547.2170459,18876252,34495,46.01,475209,245569,2.91,6.33,0.04,3679,0.01,800,472,34495,2639,0,60193,210754,0,0,0,6378,0,4081788,1886214,83445967,1,0,0,0,0,16901,131847,2753000,1414244,36380,264883,0,0,0,0,0,0,0,0,0,188,0,0,0,0,0,0,0,0,0,0,0,0,0,0,0,0,0,0,0,0,0,0,0,0,0,0,0,0,0,0,0,0,0,0,0,0,0,0,0.01,5.61,0.122523977,99.53,70.46,14.05,2.228712222,2.23921166,3.162905028,547.2170459,76.8674059,0.01,0.028994243,16.78,0.43
2022-01-01T00:00:00-05:00 - 2025-05-12T23:59:59-04:00,Abandoned Cart,a991863c-c1bc-41ba-8118-cb7583d4203d,none,https://app.getblueshift.com/dashboard#/app/campaigns/a991863c-c1bc-41ba-8118-cb7583d4203d/details,none,none,https://app.getblueshift.com/dashboard#/app/segments/none/edit,4/14/23 13:00,Event Triggered,10/15/24 17:40,4356349,2905514,2103,19867,2318411,1396538,559.9922509,35698946,63749,48.07,237702,146759,5.05,10.51,0.05,1361,0.01,222,315,63749,6984,0,16954,91599,0,0,0,4148,0,1497235,821171,32739334,2,0,0,0,0,7475,61755,936101,548067,19678,100186,0,0,0,0,0,0,0,0,0,179,0,0,0,0,0,0,0,0,0,0,0,0,0,0,0,0,0,0,0,0,0,0,0,0,0,0,0,0,0,0,0,0,0,0,0,0,0,0,0.05,5.46,0.170208043,66.7,53.22,43.44,8.194693768,12.28661985,15.39802304,559.9922509,243.2487684,0.01,0.033688531,18.86,0.45
2022-01-01T00:00:00-05:00 - 2025-05-12T23:59:59-04:00,[Tagger] T1 Downgraded,2a85ef28-7c90-47ee-b79b-cc7ac1855a3f,none,https://app.getblueshift.com/dashboard#/app/campaigns/2a85ef28-7c90-47ee-b79b-cc7ac1855a3f/details,[dev] T1 Downgrade Queue,33b09f1d-c015-44d2-a425-3c4bd373865c,https://app.getblueshift.com/dashboard#/app/segments/33b09f1d-c015-44d2-a425-3c4bd373865c/edit,7/8/24 18:31,Segment Triggered,4/28/25 12:53,4246824,0,0,0,0,0,0,0,0,0,0,0,0,0,0,0,0,0,0,0,0,0,0,0,0,0,0,0,0,0,0,0,0,0,0,0,0,0,0,0,0,0,0,0,0,0,0,0,0,0,0,0,0,0,0,0,0,0,0,0,0,0,0,0,0,0,0,0,0,0,0,0,0,0,0,0,0,0,0,0,0,0,0,0,0,0,0,0,0,0,0,0,0,0,0,0,0,0,0,0,0,0,0,0,0,0
2022-01-01T00:00:00-05:00 - 2025-05-12T23:59:59-04:00,Win Back Journey,d9d6cefb-3ecd-4d6d-8b26-3d25488c8ca2,none,https://app.getblueshift.com/dashboard#/app/campaigns/d9d6cefb-3ecd-4d6d-8b26-3d25488c8ca2/details,Win-back,2e5a7e0e-5744-4eb4-8c9b-85d7a09aac10,https://app.getblueshift.com/dashboard#/app/segments/2e5a7e0e-5744-4eb4-8c9b-85d7a09aac10/edit,8/8/23 19:47,Segment Triggered,8/21/24 12:44,3555540,1632096,812,11442,810906,561060,376.0455696,445614,1185,34.38,28789,19513,1.2,3.48,0.05,813,0.01,119,1,1185,605,0,3128,7687,0,0,0,1616,0,650607,160297,0,0,0,0,0,0,1901,5682,456626,124346,11505,15036,0,0,0,0,0,0,0,0,0,1,0,0,0,0,0,0,0,0,0,0,0,0,0,0,0,0,0,0,0,0,0,0,0,0,0,0,0,0,0,0,0,0,0,0,0,0,0,0,0.02,0.81,0.051311803,45.9,22.81,6.07,0.125329486,0.273031733,0.549526086,376.0455696,22.83677548,0,0.005488055,7.62,0.32
2022-01-01T00:00:00-05:00 - 2025-05-12T23:59:59-04:00,20250501 - Recording Month Email - Announcement,572c18c6-e2e5-438c-a512-8fdee51ead71,none,https://app.getblueshift.com/dashboard#/app/campaigns/572c18c6-e2e5-438c-a512-8fdee51ead71/details,T1+2 - All,fea24e7b-bf88-47d4-b099-2da7ec7a15e8,https://app.getblueshift.com/dashboard#/app/segments/fea24e7b-bf88-47d4-b099-2da7ec7a15e8/edit,5/1/25 15:00,One Time Send,5/1/25 18:12,3425813,3413346,389,6764,1305843,998780,639.5216179,458537,717,29.26,50592,22716,0.67,2.27,0.05,1661,0,149,0,717,78,0,29950,20642,0,0,0,5440,0,1082333,223504,0,0,0,0,0,0,8805,15181,846804,188137,6856,6729,0,0,0,0,0,0,0,0,0,13,0,0,0,0,0,0,0,0,0,0,0,0,0,0,0,0,0,0,0,0,0,0,0,0,0,0,0,0,0,0,0,0,0,0,0,0,0,0,0.01,1.48,0.050653798,99.64,38.12,3.16,0.133847644,0.134336513,0.351142519,639.5216179,20.18564008,0,0.006630835,5.51,0.2
2022-01-01T00:00:00-05:00 - 2025-05-12T23:59:59-04:00,20250503 - inSync,d9b35e64-b2d4-4d7a-848b-bf79160050d2,none,https://app.getblueshift.com/dashboard#/app/campaigns/d9b35e64-b2d4-4d7a-848b-bf79160050d2/details,inSync Audience,65ba7ff4-c8ce-4d45-b8ef-3874a74ce89a,https://app.getblueshift.com/dashboard#/app/segments/65ba7ff4-c8ce-4d45-b8ef-3874a74ce89a/edit,5/3/25 18:00,One Time Send,5/3/25 22:06,3406436,3395505,291,5950,1362438,1061777,693.6658163,815751,1176,31.27,79736,46654,1.37,4.39,0.05,1795,0,75,23,1176,96,0,26780,52956,0,0,0,5441,0,1081589,280839,0,0,0,0,0,0,11167,38902,863536,237805,5885,36158,0,0,0,0,0,0,0,0,0,13,0,0,0,0,0,0,0,0,0,0,0,0,0,0,0,0,0,0,0,0,0,0,0,0,0,0,0,0,0,0,0,0,0,0,0,0,0,0,0.01,2.34,0.075096748,99.68,40,2.52,0.239473456,0.240244382,0.598743576,693.6658163,17.48512453,0,0.013695839,7,0.17
2022-01-01T00:00:00-05:00 - 2025-05-12T23:59:59-04:00,20250419 - inSync,35ff5e5f-a67d-4cec-8e7a-58976a5c8d14,none,https://app.getblueshift.com/dashboard#/app/campaigns/35ff5e5f-a67d-4cec-8e7a-58976a5c8d14/details,inSync Audience,65ba7ff4-c8ce-4d45-b8ef-3874a74ce89a,https://app.getblueshift.com/dashboard#/app/segments/65ba7ff4-c8ce-4d45-b8ef-3874a74ce89a/edit,4/19/25 18:00,One Time Send,5/10/25 19:31,3404950,3390684,620,11113,1396998,1056140,628.1386207,910801,1450,31.15,68517,40356,1.19,3.82,0.07,2380,0,129,21,1450,105,0,24977,43540,0,0,0,5559,0,1150535,246458,0,0,0,0,0,0,10415,33424,887744,203797,11117,29505,0,0,0,0,0,0,0,0,0,29,0,0,0,0,0,0,0,0,0,0,0,0,0,0,0,0,0,0,0,0,0,0,0,0,0,0,0,0,0,0,0,0,0,0,0,0,0,0,0.02,2.01,0.064874922,99.58,41.03,3.59,0.267493208,0.268618662,0.651970153,628.1386207,22.56915948,0,0.011852156,6.01,0.33
2022-01-01T00:00:00-05:00 - 2025-05-12T23:59:59-04:00,20241129 - Black Friday AM,cbed0ed7-569e-401b-9160-f70f29ffbc87,none,https://app.getblueshift.com/dashboard#/app/campaigns/cbed0ed7-569e-401b-9160-f70f29ffbc87/details,T1+2+3 - All,5bfa13cc-8e1d-423d-9392-6a579d326cc3,https://app.getblueshift.com/dashboard#/app/segments/5bfa13cc-8e1d-423d-9392-6a579d326cc3/edit,11/29/24 12:00,One Time Send,1/21/25 14:58,3399747,3384845,928,11197,1473879,1047620,499.9938486,1869477,3739,30.95,67180,45729,1.35,4.37,0.05,1850,0.01,261,0,3739,385,0,22171,45009,0,0,0,3901,0,1237334,236539,0,0,0,0,0,0,9317,38510,892709,198288,11140,25926,0,0,0,0,0,0,0,0,0,38,0,0,0,0,0,0,0,0,0,0,0,0,0,0,0,0,0,0,0,0,0,0,0,0,0,0,0,0,0,0,0,0,0,0,0,0,0,0,0.03,1.98,0.064126305,99.56,43.35,8.18,0.549887095,0.552308008,1.268406022,499.9938486,40.88165059,0.01,0.013450707,5.86,0.33
2022-01-01T00:00:00-05:00 - 2025-05-12T23:59:59-04:00,20250412 - inSync,4fd3de5d-332f-4b2c-98b2-6523eb4ba5f3,none,https://app.getblueshift.com/dashboard#/app/campaigns/4fd3de5d-332f-4b2c-98b2-6523eb4ba5f3/details,inSync Audience,65ba7ff4-c8ce-4d45-b8ef-3874a74ce89a,https://app.getblueshift.com/dashboard#/app/segments/65ba7ff4-c8ce-4d45-b8ef-3874a74ce89a/edit,4/12/25 18:00,One Time Send,5/10/25 19:32,3398472,3383142,566,10234,1436307,1036955,583.9815451,1360677,2330,30.65,77716,45602,1.35,4.4,0.07,2408,0,114,33,2330,126,0,26751,50965,0,0,0,5311,0,1176963,259337,0,0,0,0,0,0,11081,37604,873864,210817,10217,34634,0,0,0,0,0,0,0,0,0,43,0,0,0,0,0,0,0,0,0,0,0,0,0,0,0,0,0,0,0,0,0,0,0,0,0,0,0,0,0,0,0,0,0,0,0,0,0,0,0.02,2.29,0.074946357,99.55,42.26,5.11,0.400379053,0.402193287,0.947344126,583.9815451,29.83809921,0,0.013418383,6.23,0.3
2022-01-01T00:00:00-05:00 - 2025-05-12T23:59:59-04:00,20250510 - inSync A/B,38cfce23-99ed-4584-9144-04b20c8928de,none,https://app.getblueshift.com/dashboard#/app/campaigns/38cfce23-99ed-4584-9144-04b20c8928de/details,inSync Audience,65ba7ff4-c8ce-4d45-b8ef-3874a74ce89a,https://app.getblueshift.com/dashboard#/app/segments/65ba7ff4-c8ce-4d45-b8ef-3874a74ce89a/edit,5/10/25 18:00,One Time Send,5/10/25 22:09,3394180,3379813,437,9715,947220,799951,579.6802326,199410,344,23.67,71937,40504,1.2,5.06,0.03,1051,0,52,20,344,34,0,28563,43374,0,0,0,5474,0,703455,243763,0,0,0,0,0,0,10793,32672,616073,212732,9650,28396,0,0,0,0,0,0,0,0,0,7,0,0,0,0,0,0,0,0,0,0,0,0,0,0,0,0,0,0,0,0,0,0,0,0,0,0,0,0,0,0,0,0,0,0,0,0,0,0,0.01,2.12,0.089926758,99.58,27.91,0.85,0.058750567,0.059000306,0.210521315,579.6802326,4.92321746,0,0.011933368,6.29,0.28
2022-01-01T00:00:00-05:00 - 2025-05-12T23:59:59-04:00,20240622 - inSync (A/B),de48cc27-a821-4738-9a3b-b4b86a3fc5ae,none,https://app.getblueshift.com/dashboard#/app/campaigns/de48cc27-a821-4738-9a3b-b4b86a3fc5ae/details,inSync Audience,65ba7ff4-c8ce-4d45-b8ef-3874a74ce89a,https://app.getblueshift.com/dashboard#/app/segments/65ba7ff4-c8ce-4d45-b8ef-3874a74ce89a/edit,6/22/24 18:00,One Time Send,6/22/24 22:03,3391800,3376747,351,4737,1337535,996958,513.7615213,1148257,2235,29.52,66879,42884,1.27,4.3,0.09,2875,0.01,244,12,2235,147,0,18221,43343,0,0,0,10585,0,1053912,283618,0,0,0,0,0,0,11715,34487,805657,235387,4873,35274,0,0,0,0,0,0,0,0,0,35,0,0,0,0,0,0,0,0,0,0,0,0,0,0,0,0,0,0,0,0,0,0,0,0,0,0,0,0,0,0,0,0,0,0,0,0,0,0,0.01,1.97,0.067083067,99.56,39.43,5.21,0.338539124,0.340048277,0.858487441,513.7615213,26.77588378,0.01,0.012643434,6.97,0.14
2022-01-01T00:00:00-05:00 - 2025-05-12T23:59:59-04:00,20240629 - inSync (A/B),827d8643-8028-4c2c-931e-4951c7dc6294,none,https://app.getblueshift.com/dashboard#/app/campaigns/827d8643-8028-4c2c-931e-4951c7dc6294/details,inSync Audience,65ba7ff4-c8ce-4d45-b8ef-3874a74ce89a,https://app.getblueshift.com/dashboard#/app/segments/65ba7ff4-c8ce-4d45-b8ef-3874a74ce89a/edit,6/29/24 18:00,One Time Send,6/29/24 22:03,3386585,3367540,789,8713,1314349,978499,535.9340021,1015059,1894,29.06,62078,37379,1.11,3.82,0.08,2809,0.01,232,11,1894,169,0,18615,38324,0,0,0,10580,0,1042839,271506,0,0,0,0,0,0,10744,29425,783688,223739,8740,31502,0,0,0,0,0,0,0,0,0,37,0,0,0,0,0,0,0,0,0,0,0,0,0,0,0,0,0,0,0,0,0,0,0,0,0,0,0,0,0,0,0,0,0,0,0,0,0,0,0.02,1.83,0.063442068,99.44,38.81,5.07,0.299729373,0.301424482,0.772290313,535.9340021,27.15586292,0.01,0.011037372,6.64,0.26
2022-01-01T00:00:00-05:00 - 2025-05-12T23:59:59-04:00,20240706 - inSync (A/B),723864b7-8feb-447c-87d6-7286e2fa658a,none,https://app.getblueshift.com/dashboard#/app/campaigns/723864b7-8feb-447c-87d6-7286e2fa658a/details,inSync Audience,65ba7ff4-c8ce-4d45-b8ef-3874a74ce89a,https://app.getblueshift.com/dashboard#/app/segments/65ba7ff4-c8ce-4d45-b8ef-3874a74ce89a/edit,7/6/24 18:00,One Time Send,7/6/24 22:03,3382657,3361339,781,9101,1320435,1012707,534.3115942,1179760,2208,30.13,67097,42672,1.27,4.21,0.09,2885,0.01,226,33,2208,154,0,16392,44771,0,0,0,10529,0,1040484,279948,0,0,0,0,0,0,9800,33586,812901,225929,9043,34159,0,0,0,0,0,0,0,0,0,25,0,0,0,0,0,0,0,0,0,0,0,0,0,0,0,0,0,0,0,0,0,0,0,0,0,0,0,0,0,0,0,0,0,0,0,0,0,0,0.02,1.98,0.066255096,99.37,39.04,5.17,0.348767256,0.350979178,0.893463139,534.3115942,27.6471691,0.01,0.012614936,6.72,0.27
2022-01-01T00:00:00-05:00 - 2025-05-12T23:59:59-04:00,20241019 - inSync,0ecd417b-14f4-42aa-881f-cd4d5bf20466,none,https://app.getblueshift.com/dashboard#/app/campaigns/0ecd417b-14f4-42aa-881f-cd4d5bf20466/details,inSync Audience,65ba7ff4-c8ce-4d45-b8ef-3874a74ce89a,https://app.getblueshift.com/dashboard#/app/segments/65ba7ff4-c8ce-4d45-b8ef-3874a74ce89a/edit,10/19/24 18:00,One Time Send,10/19/24 22:03,3375017,3359021,3517,10436,1536674,1073561,564.2004997,903285,1601,31.96,63271,37530,1.12,3.5,0.06,1905,0.01,299,6,1601,103,0,23033,40238,0,0,0,3679,0,1255580,281092,0,0,0,0,0,0,10025,30359,876884,238786,10298,28078,0,0,0,0,0,0,0,0,0,33,0,0,0,0,0,0,0,0,0,0,0,0,0,0,0,0,0,0,0,0,0,0,0,0,0,0,0,0,0,0,0,0,0,0,0,0,0,0,0.1,1.87,0.058935636,99.53,45.53,4.27,0.267638652,0.268913174,0.587818236,564.2004997,24.06834532,0.01,0.011119944,7.11,0.31
2022-01-01T00:00:00-05:00 - 2025-05-12T23:59:59-04:00,20240720 - inSync,4b950f35-95ab-48fe-8405-9fb8daebfed9,none,https://app.getblueshift.com/dashboard#/app/campaigns/4b950f35-95ab-48fe-8405-9fb8daebfed9/details,inSync Audience,65ba7ff4-c8ce-4d45-b8ef-3874a74ce89a,https://app.getblueshift.com/dashboard#/app/segments/65ba7ff4-c8ce-4d45-b8ef-3874a74ce89a/edit,7/20/24 18:00,One Time Send,7/20/24 22:09,3373781,3347375,745,17181,1287485,980018,428.6582524,441518,1030,29.28,48141,28570,0.85,2.92,0.05,1663,0.01,396,56,1030,89,0,19114,29027,0,0,0,10457,0,1026285,261187,0,0,0,0,0,0,9275,20977,790441,213310,17095,21859,0,0,0,0,0,0,0,0,0,15,0,0,0,0,0,0,0,0,0,0,0,0,0,0,0,0,0,0,0,0,0,0,0,0,0,0,0,0,0,0,0,0,0,0,0,0,0,0,0.02,1.43,0.049122567,99.22,38.16,3.61,0.130867416,0.131899772,0.342930597,428.6582524,15.4539027,0.01,0.008468244,6.37,0.51
2022-01-01T00:00:00-05:00 - 2025-05-12T23:59:59-04:00,20240817 - inSync (new rebrand design omg im so nervous lol),fe319202-e9b7-435b-b854-0b84dd3fb795,none,https://app.getblueshift.com/dashboard#/app/campaigns/fe319202-e9b7-435b-b854-0b84dd3fb795/details,inSync Audience,65ba7ff4-c8ce-4d45-b8ef-3874a74ce89a,https://app.getblueshift.com/dashboard#/app/segments/65ba7ff4-c8ce-4d45-b8ef-3874a74ce89a/edit,8/17/24 18:00,One Time Send,8/17/24 22:03,3368216,3339178,952,19369,1375195,989057,500.043379,1095095,2190,29.62,73841,41098,1.23,4.16,0.06,2060,0.01,398,9,2190,167,0,24346,49495,0,0,0,10519,0,1091623,283568,0,0,0,0,0,0,10123,34577,802147,228505,19738,34838,0,0,0,0,0,0,0,0,0,31,0,0,0,0,0,0,0,0,0,0,0,0,0,0,0,0,0,0,0,0,0,0,0,0,0,0,0,0,0,0,0,0,0,0,0,0,0,0,0.03,2.19,0.074657982,99.14,40.83,5.33,0.32512612,0.327953466,0.796319795,500.043379,26.64594384,0.01,0.012201712,6.84,0.59
2022-01-01T00:00:00-05:00 - 2025-05-12T23:59:59-04:00,20240118 - Giveaway,2d08b509-7ddc-456d-9b19-03aa98eb294c,none,https://app.getblueshift.com/dashboard#/app/campaigns/2d08b509-7ddc-456d-9b19-03aa98eb294c/details,T1+2+3 - All,5bfa13cc-8e1d-423d-9392-6a579d326cc3,https://app.getblueshift.com/dashboard#/app/segments/5bfa13cc-8e1d-423d-9392-6a579d326cc3/edit,1/18/24 16:00,One Time Send,1/22/24 14:30,3365283,3335584,479,20237,1693313,1143462,394.8752253,1971612,4993,34.28,96288,70309,2.11,6.15,0.06,2109,0.01,284,3,4993,414,0,429,219,0,0,0,10332,0,1361696,331611,0,0,0,0,0,0,45,65,916522,272660,20262,73244,0,0,0,0,0,0,0,0,0,0,0,0,0,0,0,0,0,0,0,0,0,0,0,0,0,0,0,0,0,0,0,0,0,0,0,0,0,0,0,0,0,0,0,0,0,0,0,0,0.01,2.86,0.084207433,99.12,50.32,7.1,0.585868113,0.5910845,1.164351777,394.8752253,28.04209987,0.01,0.020892448,8.17,0.6
2022-01-01T00:00:00-05:00 - 2025-05-12T23:59:59-04:00,20241220 - Best of 2024,b2addb23-2b0f-48ab-9a75-ccb61d3438c1,12/21/24 17:00,https://app.getblueshift.com/dashboard#/app/campaigns/b2addb23-2b0f-48ab-9a75-ccb61d3438c1/details,inSync Audience,65ba7ff4-c8ce-4d45-b8ef-3874a74ce89a,https://app.getblueshift.com/dashboard#/app/segments/65ba7ff4-c8ce-4d45-b8ef-3874a74ce89a/edit,12/20/24 21:35,Segment Triggered,12/21/24 17:00,3361681,3350649,794,7179,1237098,921178,608.3762671,1020247,1677,27.49,68903,33405,1,3.63,0.07,2369,0.01,206,2,1677,169,0,33921,34982,0,0,0,4317,0,951656,285440,0,0,0,0,0,0,10183,23813,713489,229665,7194,21119,0,0,0,0,0,0,0,0,0,16,0,0,0,0,0,0,0,0,0,0,0,0,0,0,0,0,0,0,0,0,0,0,0,0,0,0,0,0,0,0,0,0,0,0,0,0,0,0,0.02,2.05,0.07479879,99.67,36.8,5.02,0.303493104,0.304492354,0.824709926,608.3762671,30.54174525,0.01,0.009936993,6.85,0.21
2022-01-01T00:00:00-05:00 - 2025-05-12T23:59:59-04:00,20241026 - inSync,d3c6b4b0-7801-47e0-b754-40215c5800fe,none,https://app.getblueshift.com/dashboard#/app/campaigns/d3c6b4b0-7801-47e0-b754-40215c5800fe/details,inSync Audience,65ba7ff4-c8ce-4d45-b8ef-3874a74ce89a,https://app.getblueshift.com/dashboard#/app/segments/65ba7ff4-c8ce-4d45-b8ef-3874a74ce89a/edit,10/26/24 17:59,One Time Send,10/26/24 21:15,3361678,3347975,783,9983,1523216,1034847,556.123962,937625,1686,30.91,61979,37550,1.12,3.63,0.05,1661,0.01,379,3,1686,105,0,23435,38544,0,0,0,3715,0,1242404,280810,0,0,0,0,0,0,9388,29673,847443,233297,10006,27807,0,0,0,0,0,0,0,0,0,22,0,0,0,0,0,0,0,0,0,0,0,0,0,0,0,0,0,0,0,0,0,0,0,0,0,0,0,0,0,0,0,0,0,0,0,0,0,0,0.02,1.84,0.059891945,99.59,45.31,4.49,0.278915768,0.280057348,0.615556165,556.123962,24.97003995,0.01,0.011170017,6.97,0.3
2022-01-01T00:00:00-05:00 - 2025-05-12T23:59:59-04:00,20240824 - inSync,218c31d5-d159-47f7-b9a6-f2c3f4fafc4e,none,https://app.getblueshift.com/dashboard#/app/campaigns/218c31d5-d159-47f7-b9a6-f2c3f4fafc4e/details,inSync Audience,65ba7ff4-c8ce-4d45-b8ef-3874a74ce89a,https://app.getblueshift.com/dashboard#/app/segments/65ba7ff4-c8ce-4d45-b8ef-3874a74ce89a/edit,8/24/24 18:00,One Time Send,8/24/24 22:03,3361453,3329995,648,21640,1399239,987979,536.3434959,1055524,1968,29.67,116209,35033,1.05,3.55,0.06,1906,0.01,301,8,1968,139,0,78621,37588,0,0,0,10412,0,1125292,273945,0,0,0,0,0,0,10199,27237,811886,225850,21866,26198,0,0,0,0,0,0,0,0,0,26,0,0,0,0,0,0,0,0,0,0,0,0,0,0,0,0,0,0,0,0,0,0,0,0,0,0,0,0,0,0,0,0,0,0,0,0,0,0,0.02,3.46,0.117622945,99.06,41.63,5.62,0.314008258,0.31697465,0.754355761,536.3434959,30.12942083,0.01,0.010421981,6.78,0.65
2022-01-01T00:00:00-05:00 - 2025-05-12T23:59:59-04:00,20240831 - inSync,0f5b467a-2cec-48c2-ac30-9932ed9af9cc,none,https://app.getblueshift.com/dashboard#/app/campaigns/0f5b467a-2cec-48c2-ac30-9932ed9af9cc/details,inSync Audience,65ba7ff4-c8ce-4d45-b8ef-3874a74ce89a,https://app.getblueshift.com/dashboard#/app/segments/65ba7ff4-c8ce-4d45-b8ef-3874a74ce89a/edit,8/31/24 18:00,One Time Send,9/3/24 20:01,3356756,3329828,660,16941,1423532,1009589,496.5045351,875834,1764,30.32,245025,34426,1.03,3.41,0.05,1756,0.01,470,12,1764,116,0,206610,38415,0,0,0,10350,0,1154898,268631,0,0,0,0,0,0,11452,25157,830398,217024,16877,23255,0,0,0,0,0,0,0,0,0,21,0,0,0,0,0,0,0,0,0,0,0,0,0,0,0,0,0,0,0,0,0,0,0,0,0,0,0,0,0,0,0,0,0,0,0,0,0,0,0.02,7.3,0.242697771,99.2,42.41,5.12,0.26091679,0.263026799,0.615254171,496.5045351,25.44106199,0.01,0.010255735,6.52,0.5
2022-01-01T00:00:00-05:00 - 2025-05-12T23:59:59-04:00,20241102 - inSync,0f25ffb5-0d53-4c35-b29b-6361c863657a,none,https://app.getblueshift.com/dashboard#/app/campaigns/0f25ffb5-0d53-4c35-b29b-6361c863657a/details,inSync Audience,65ba7ff4-c8ce-4d45-b8ef-3874a74ce89a,https://app.getblueshift.com/dashboard#/app/segments/65ba7ff4-c8ce-4d45-b8ef-3874a74ce89a/edit,11/2/24 18:00,One Time Send,11/2/24 22:06,3354390,3340355,962,10105,1536787,1072158,579.7261768,1009883,1742,32.1,58823,35227,1.05,3.29,0.07,2258,0.01,212,5,1742,147,0,22271,36552,0,0,0,3757,0,1255099,281684,0,0,0,0,0,0,9798,28016,867375,230643,10211,25787,0,0,0,0,0,0,0,0,0,29,0,0,0,0,0,0,0,0,0,0,0,0,0,0,0,0,0,0,0,0,0,0,0,0,0,0,0,0,0,0,0,0,0,0,0,0,0,0,0.03,1.75,0.054864115,99.58,45.81,4.95,0.301063084,0.302328046,0.657139213,579.7261768,28.6678684,0.01,0.01050176,6.9,0.3
2022-01-01T00:00:00-05:00 - 2025-05-12T23:59:59-04:00,20240907 - inSync,60177398-cf82-439e-85e0-1710476916d1,none,https://app.getblueshift.com/dashboard#/app/campaigns/60177398-cf82-439e-85e0-1710476916d1/details,inSync Audience,65ba7ff4-c8ce-4d45-b8ef-3874a74ce89a,https://app.getblueshift.com/dashboard#/app/segments/65ba7ff4-c8ce-4d45-b8ef-3874a74ce89a/edit,9/7/24 18:00,One Time Send,9/7/24 22:03,3353505,3332025,643,11559,1518039,1054846,513.1850783,1244987,2426,31.66,78059,49817,1.5,4.72,0.06,1949,0.01,382,4,2426,181,0,20864,57195,0,0,0,10355,0,1225169,292865,0,0,0,0,0,0,10956,41950,852841,237091,11605,38251,0,0,0,0,0,0,0,0,0,45,0,0,0,0,0,0,0,0,0,0,0,0,0,0,0,0,0,0,0,0,0,0,0,0,0,0,0,0,0,0,0,0,0,0,0,0,0,0,0.02,2.33,0.074000375,99.36,45.27,4.87,0.371249484,0.373642755,0.820128468,513.1850783,24.99120782,0.01,0.014855204,7.12,0.35
2022-01-01T00:00:00-05:00 - 2025-05-12T23:59:59-04:00,20240727 - inSync (A/B/C),fc3f893f-0109-4230-bcda-e41411806e9d,none,https://app.getblueshift.com/dashboard#/app/campaigns/fc3f893f-0109-4230-bcda-e41411806e9d/details,inSync Audience,65ba7ff4-c8ce-4d45-b8ef-3874a74ce89a,https://app.getblueshift.com/dashboard#/app/segments/65ba7ff4-c8ce-4d45-b8ef-3874a74ce89a/edit,7/27/24 18:00,One Time Send,7/27/24 22:03,3351856,3335182,266,6639,1198058,933488,507.2061224,497062,980,27.99,43041,24773,0.74,2.65,0.05,1813,0.01,266,11,980,74,0,20230,22811,0,0,0,10425,0,947604,250448,0,0,0,0,0,0,9051,17254,755212,210328,6615,17294,0,0,0,0,0,0,0,0,0,7,0,0,0,0,0,0,0,0,0,0,0,0,0,0,0,0,0,0,0,0,0,0,0,0,0,0,0,0,0,0,0,0,0,0,0,0,0,0,0.01,1.28,0.046107716,99.5,35.74,3.96,0.148294557,0.149035945,0.414889763,507.2061224,20.06466718,0.01,0.007390831,6.31,0.2
2022-01-01T00:00:00-05:00 - 2025-05-12T23:59:59-04:00,20240810 - inSync (A/B/C),25ac0d51-2615-43b0-bcb7-7029e06e5c18,none,https://app.getblueshift.com/dashboard#/app/campaigns/25ac0d51-2615-43b0-bcb7-7029e06e5c18/details,inSync Audience,65ba7ff4-c8ce-4d45-b8ef-3874a74ce89a,https://app.getblueshift.com/dashboard#/app/segments/65ba7ff4-c8ce-4d45-b8ef-3874a74ce89a/edit,8/10/24 18:00,One Time Send,8/10/24 22:03,3351617,3331746,372,9616,1304847,963043,550.0569395,463698,843,28.91,41802,22201,0.67,2.31,0.05,1727,0.01,321,10,843,89,0,20460,21342,0,0,0,10449,0,1051072,253770,0,0,0,0,0,0,8932,14939,779461,219354,9386,13884,0,0,0,0,0,0,0,0,0,10,0,0,0,0,0,0,0,0,0,0,0,0,0,0,0,0,0,0,0,0,0,0,0,0,0,0,0,0,0,0,0,0,0,0,0,0,0,0,0.01,1.25,0.043406162,99.41,38.93,3.8,0.138350533,0.139175675,0.355365802,550.0569395,20.88635647,0.01,0.006623967,6.58,0.28
2022-01-01T00:00:00-05:00 - 2025-05-12T23:59:59-04:00,20240803 - inSync (A/B/C),0a8d3053-94d3-4507-9765-03a842da0c7a,none,https://app.getblueshift.com/dashboard#/app/campaigns/0a8d3053-94d3-4507-9765-03a842da0c7a/details,inSync Audience,65ba7ff4-c8ce-4d45-b8ef-3874a74ce89a,https://app.getblueshift.com/dashboard#/app/segments/65ba7ff4-c8ce-4d45-b8ef-3874a74ce89a/edit,8/3/24 18:00,One Time Send,8/3/24 22:09,3350586,3335013,814,5117,1283097,957891,414.1531948,537985,1299,28.72,52706,30516,0.92,3.19,0.05,1816,0.01,241,39,1299,103,0,21789,30917,0,0,0,10477,0,1022308,260783,0,0,0,0,0,0,9600,22937,768909,219367,5040,20973,0,0,0,0,0,0,0,0,0,10,0,0,0,0,0,0,0,0,0,0,0,0,0,0,0,0,0,0,0,0,0,0,0,0,0,0,0,0,0,0,0,0,0,0,0,0,0,0,0.02,1.57,0.055022962,99.54,38.29,4.26,0.160564451,0.161314214,0.419286305,414.1531948,17.62960414,0.01,0.009107661,6.58,0.15
2022-01-01T00:00:00-05:00 - 2025-05-12T23:59:59-04:00,20241228 - inSync,34c191ca-851f-42c6-8ef6-88e4408bcd9c,none,https://app.getblueshift.com/dashboard#/app/campaigns/34c191ca-851f-42c6-8ef6-88e4408bcd9c/details,inSync Audience,65ba7ff4-c8ce-4d45-b8ef-3874a74ce89a,https://app.getblueshift.com/dashboard#/app/segments/65ba7ff4-c8ce-4d45-b8ef-3874a74ce89a/edit,12/28/24 18:00,One Time Send,12/28/24 23:21,3345870,3327102,979,13121,1520068,1097649,464.0930752,1246554,2686,32.99,76845,47381,1.42,4.32,0.1,3336,0.01,319,15,2686,172,0,24188,52657,0,0,0,4313,0,1216496,303567,0,0,0,0,0,0,9601,39339,893755,246437,13097,36519,0,0,0,0,0,0,0,0,0,34,0,0,0,0,0,0,0,0,0,0,0,0,0,0,0,0,0,0,0,0,0,0,0,0,0,0,0,0,0,0,0,0,0,0,0,0,0,0,0.03,2.3,0.070008719,99.44,45.43,5.67,0.372564983,0.374666602,0.820064629,464.0930752,26.30915346,0.01,0.01416104,7.41,0.39
2022-01-01T00:00:00-05:00 - 2025-05-12T23:59:59-04:00,20250215 - inSync,1f66b802-8e1d-400d-9dd0-ae7475516f1b,none,https://app.getblueshift.com/dashboard#/app/campaigns/1f66b802-8e1d-400d-9dd0-ae7475516f1b/details,inSync Audience + Fatigue Prevention V2,bcd9befd-cd83-4e58-a5b2-e30b8db3d8a9,https://app.getblueshift.com/dashboard#/app/segments/bcd9befd-cd83-4e58-a5b2-e30b8db3d8a9/edit,2/15/25 19:00,One Time Send,2/16/25 0:03,3342526,3327421,497,10711,1193227,897140,504.7481977,980221,1942,26.96,61680,35045,1.05,3.91,0.06,2115,0.01,209,14,1942,118,0,26262,35418,0,0,0,4915,0,901387,291838,0,0,0,0,0,0,9455,27412,687630,241416,10829,24940,0,0,0,0,0,0,0,0,0,27,0,0,0,0,0,0,0,0,0,0,0,0,0,0,0,0,0,0,0,0,0,0,0,0,0,0,0,0,0,0,0,0,0,0,0,0,0,0,0.01,1.85,0.068751811,99.55,35.7,5.54,0.293257554,0.294588812,0.821487445,504.7481977,27.9703524,0.01,0.010484586,7.26,0.32
2022-01-01T00:00:00-05:00 - 2025-05-12T23:59:59-04:00,20241217 - Tax,99a1cb83-613c-46f0-85ac-7e092a1e83a6,none,https://app.getblueshift.com/dashboard#/app/campaigns/99a1cb83-613c-46f0-85ac-7e092a1e83a6/details,inSync Audience,65ba7ff4-c8ce-4d45-b8ef-3874a74ce89a,https://app.getblueshift.com/dashboard#/app/segments/65ba7ff4-c8ce-4d45-b8ef-3874a74ce89a/edit,12/17/24 21:10,One Time Send,12/18/24 1:57,3342370,3329217,384,7944,1483212,1031256,514.6050695,629362,1223,30.98,32203,19613,0.59,1.9,0.06,1931,0.01,190,0,1223,115,0,18280,13923,0,0,0,4333,0,1211199,272010,0,0,0,0,0,0,8373,12056,859476,223706,8058,12847,0,0,0,0,0,0,0,0,0,17,0,0,0,0,0,0,0,0,0,0,0,0,0,0,0,0,0,0,0,0,0,0,0,0,0,0,0,0,0,0,0,0,0,0,0,0,0,0,0.01,0.96,0.03122697,99.61,44.38,6.24,0.188298124,0.189042048,0.424323697,514.6050695,32.08902259,0.01,0.005867992,6.72,0.24
2022-01-01T00:00:00-05:00 - 2025-05-12T23:59:59-04:00,20250104 - inSync,ce6a7f3f-c434-456e-8325-95551e295996,none,https://app.getblueshift.com/dashboard#/app/campaigns/ce6a7f3f-c434-456e-8325-95551e295996/details,inSync Audience,65ba7ff4-c8ce-4d45-b8ef-3874a74ce89a,https://app.getblueshift.com/dashboard#/app/segments/65ba7ff4-c8ce-4d45-b8ef-3874a74ce89a/edit,1/4/25 19:00,One Time Send,1/5/25 0:01,3338099,3320222,1391,14564,1523003,1095416,517.2633808,1343333,2597,32.99,84692,46943,1.41,4.29,0.09,2895,0.02,501,6,2597,158,0,33736,50956,0,0,0,4373,0,1212145,310856,0,0,0,0,0,0,10808,38375,885025,242953,14567,35865,0,0,0,0,0,0,0,0,0,47,0,0,0,0,0,0,0,0,0,0,0,0,0,0,0,0,0,0,0,0,0,0,0,0,0,0,0,0,0,0,0,0,0,0,0,0,0,0,0.04,2.54,0.07731492,99.46,45.62,5.53,0.402424554,0.404591319,0.882029123,517.2633808,28.61625802,0.02,0.014062794,7.32,0.44
2022-01-01T00:00:00-05:00 - 2025-05-12T23:59:59-04:00,20240921 - inSync (A/B),eb45d8fb-ae20-4f45-ae9d-ed93173d52df,none,https://app.getblueshift.com/dashboard#/app/campaigns/eb45d8fb-ae20-4f45-ae9d-ed93173d52df/details,inSync Audience,65ba7ff4-c8ce-4d45-b8ef-3874a74ce89a,https://app.getblueshift.com/dashboard#/app/segments/65ba7ff4-c8ce-4d45-b8ef-3874a74ce89a/edit,9/21/24 18:00,One Time Send,9/21/24 22:03,3336139,3322175,495,12113,1518444,1053729,547.8941896,895807,1635,31.72,52483,31922,0.96,3.03,0.05,1689,0.01,397,3,1635,110,0,18071,34412,0,0,0,3358,0,1235088,283350,0,0,0,0,0,0,8724,24941,861710,231765,12040,22608,0,0,0,0,0,0,0,0,0,17,0,0,0,0,0,0,0,0,0,0,0,0,0,0,0,0,0,0,0,0,0,0,0,0,0,0,0,0,0,0,0,0,0,0,0,0,0,0,0.01,1.57,0.049806924,99.58,45.52,5.12,0.26851609,0.269644736,0.589950634,547.8941896,28.06237078,0.01,0.009568546,6.98,0.36
2022-01-01T00:00:00-05:00 - 2025-05-12T23:59:59-04:00,20240928 - inSync,7c63db79-607a-479d-b544-57fef00e3b2c,none,https://app.getblueshift.com/dashboard#/app/campaigns/7c63db79-607a-479d-b544-57fef00e3b2c/details,inSync Audience,65ba7ff4-c8ce-4d45-b8ef-3874a74ce89a,https://app.getblueshift.com/dashboard#/app/segments/65ba7ff4-c8ce-4d45-b8ef-3874a74ce89a/edit,9/28/24 18:00,One Time Send,9/28/24 22:03,3334762,3320626,497,11044,1510653,1029759,524.8057325,823945,1570,31.01,60943,36155,1.09,3.51,0.05,1519,0.01,497,13,1570,128,0,21185,39758,0,0,0,3382,0,1231411,279238,0,0,0,0,0,0,9145,29335,852999,228196,10998,27007,0,0,0,0,0,0,0,0,0,28,0,0,0,0,0,0,0,0,0,0,0,0,0,0,0,0,0,0,0,0,0,0,0,0,0,0,0,0,0,0,0,0,0,0,0,0,0,0,0.01,1.83,0.059181809,99.58,45.3,4.34,0.247077603,0.248129419,0.545423072,524.8057325,22.78924077,0.01,0.010841853,6.87,0.33
2022-01-01T00:00:00-05:00 - 2025-05-12T23:59:59-04:00,20241005 - inSync,a0f7764f-be93-4de2-bef8-94a3a1980f21,none,https://app.getblueshift.com/dashboard#/app/campaigns/a0f7764f-be93-4de2-bef8-94a3a1980f21/details,inSync Audience,65ba7ff4-c8ce-4d45-b8ef-3874a74ce89a,https://app.getblueshift.com/dashboard#/app/segments/65ba7ff4-c8ce-4d45-b8ef-3874a74ce89a/edit,10/5/24 18:00,One Time Send,10/5/24 22:03,3332076,3318071,586,10911,1514997,1041121,575.1954459,909384,1581,31.38,63459,37961,1.14,3.65,0.06,2105,0.02,502,7,1581,138,0,21338,42121,0,0,0,3466,0,1232915,282078,0,0,0,0,0,0,9332,31036,849399,235002,10977,28670,0,0,0,0,0,0,0,0,0,18,0,0,0,0,0,0,0,0,0,0,0,0,0,0,0,0,0,0,0,0,0,0,0,0,0,0,0,0,0,0,0,0,0,0,0,0,0,0,0.02,1.9,0.060952569,99.58,45.47,4.16,0.272918145,0.274070085,0.600254654,575.1954459,23.95574405,0.02,0.011392597,7.08,0.33
2022-01-01T00:00:00-05:00 - 2025-05-12T23:59:59-04:00,20250220 - Software and Recording Sale Email - Announcement Email,c556fd55-ad66-4ec6-9070-a0e17d85ff7e,none,https://app.getblueshift.com/dashboard#/app/campaigns/c556fd55-ad66-4ec6-9070-a0e17d85ff7e/details,T1+2 - All,fea24e7b-bf88-47d4-b099-2da7ec7a15e8,https://app.getblueshift.com/dashboard#/app/segments/fea24e7b-bf88-47d4-b099-2da7ec7a15e8/edit,2/20/25 16:45,One Time Send,2/20/25 19:42,3331461,3301690,409,25451,1382093,1012832,456.3674165,669491,1467,30.68,39113,22340,0.68,2.21,0.06,2051,0.01,231,2,1467,153,0,21085,18027,0,0,0,4953,0,1174640,207448,0,0,0,0,0,0,8939,14690,856572,175815,24752,11883,0,0,0,0,0,0,0,0,0,23,0,0,0,0,0,0,0,0,0,0,0,0,0,0,0,0,0,0,0,0,0,0,0,0,0,0,0,0,0,0,0,0,0,0,0,0,0,0,0.01,1.17,0.038617461,99.11,41.49,6.57,0.200960179,0.202772217,0.484403727,456.3674165,29.96826321,0.01,0.006705767,5.33,0.74
2022-01-01T00:00:00-05:00 - 2025-05-12T23:59:59-04:00,20240914 - inSync (A/B),e137e4cc-c2d6-4271-9a45-77b6b1a9026a,none,https://app.getblueshift.com/dashboard#/app/campaigns/e137e4cc-c2d6-4271-9a45-77b6b1a9026a/details,inSync Audience,65ba7ff4-c8ce-4d45-b8ef-3874a74ce89a,https://app.getblueshift.com/dashboard#/app/segments/65ba7ff4-c8ce-4d45-b8ef-3874a74ce89a/edit,9/14/24 18:00,One Time Send,9/14/24 22:03,3330955,3324311,299,5065,1499544,1030280,553.5014245,971395,1755,30.99,59432,37463,1.13,3.64,0.05,1581,0.02,502,15,1755,108,0,18425,41007,0,0,0,3300,0,1218135,281406,0,0,0,0,0,0,9229,30823,852766,234755,5082,27631,0,0,0,0,0,0,0,0,0,24,0,0,0,0,0,0,0,0,0,0,0,0,0,0,0,0,0,0,0,0,0,0,0,0,0,0,0,0,0,0,0,0,0,0,0,0,0,0,0.01,1.78,0.057685289,99.8,45.02,4.68,0.291626576,0.292209423,0.647793596,553.5014245,25.92945039,0.02,0.011246925,7.06,0.15
2022-01-01T00:00:00-05:00 - 2025-05-12T23:59:59-04:00,20241207 - Holiday Financing,a23febc2-08da-4140-8c9e-f0ed7446ecbc,none,https://app.getblueshift.com/dashboard#/app/campaigns/a23febc2-08da-4140-8c9e-f0ed7446ecbc/details,inSync Audience,65ba7ff4-c8ce-4d45-b8ef-3874a74ce89a,https://app.getblueshift.com/dashboard#/app/segments/65ba7ff4-c8ce-4d45-b8ef-3874a74ce89a/edit,12/7/24 20:00,One Time Send,12/8/24 1:09,3329497,3315415,648,10108,1453661,1038208,600.7834912,887958,1478,31.31,43335,24778,0.75,2.39,0.08,2531,0.01,172,13,1478,198,0,21601,21734,0,0,0,4057,0,1191893,261754,0,0,0,0,0,0,9009,16842,868330,220940,9992,13997,0,0,0,0,0,0,0,0,0,15,0,0,0,0,0,0,0,0,0,0,0,0,0,0,0,0,0,0,0,0,0,0,0,0,0,0,0,0,0,0,0,0,0,0,0,0,0,0,0.02,1.3,0.041740191,99.58,43.66,5.96,0.266694339,0.267827105,0.610842555,600.7834912,35.83654855,0.01,0.007441965,6.66,0.3
2022-01-01T00:00:00-05:00 - 2025-05-12T23:59:59-04:00,20231220 - Giveaway,12876e5b-0438-4bc8-ad04-a5c01bcdcc19,none,https://app.getblueshift.com/dashboard#/app/campaigns/12876e5b-0438-4bc8-ad04-a5c01bcdcc19/details,T1+2+3 - All,5bfa13cc-8e1d-423d-9392-6a579d326cc3,https://app.getblueshift.com/dashboard#/app/segments/5bfa13cc-8e1d-423d-9392-6a579d326cc3/edit,12/20/23 16:30,One Time Send,12/20/23 20:15,3329036,3311016,474,8758,1709846,1130254,457.5170866,3668372,8018,34.14,136728,86300,2.61,7.64,0.06,1969,0.01,320,1,8018,714,0,730,2138,0,0,0,9980,0,1380873,328968,0,0,0,0,0,0,39,66,911122,257781,8919,94333,0,0,0,0,0,0,0,0,0,0,0,0,0,0,0,0,0,0,0,0,0,0,0,0,0,0,0,0,0,0,0,0,0,0,0,0,0,0,0,0,0,0,0,0,0,0,0,0,0.01,4.11,0.120971038,99.46,51.36,9.29,1.101932211,1.107929409,2.145439999,457.5170866,42.50720742,0.01,0.02592342,7.79,0.27
2022-01-01T00:00:00-05:00 - 2025-05-12T23:59:59-04:00,20241205 - Call & Save Home Audio,5601fb71-b1e1-4988-a02a-8a1e9bddeb35,none,https://app.getblueshift.com/dashboard#/app/campaigns/5601fb71-b1e1-4988-a02a-8a1e9bddeb35/details,inSync Audience,65ba7ff4-c8ce-4d45-b8ef-3874a74ce89a,https://app.getblueshift.com/dashboard#/app/segments/65ba7ff4-c8ce-4d45-b8ef-3874a74ce89a/edit,12/5/24 16:04,One Time Send,12/5/24 19:57,3323771,3310214,653,9014,1416887,1001343,550.4242567,1166349,2119,30.25,48797,28484,0.86,2.84,0.06,1913,0.01,228,1,2119,269,0,22397,26400,0,0,0,4031,0,1165505,251379,0,0,0,0,0,0,8350,21543,820954,212421,9343,15283,0,0,0,0,0,0,0,0,0,27,0,0,0,0,0,0,0,0,0,0,0,0,0,0,0,0,0,0,0,0,0,0,0,0,0,0,0,0,0,0,0,0,0,0,0,0,0,0,0.02,1.47,0.048731554,99.59,42.63,7.44,0.350911359,0.352348519,0.823177148,550.4242567,40.94751439,0.01,0.008569784,6.42,0.28
2022-01-01T00:00:00-05:00 - 2025-05-12T23:59:59-04:00,20241012 - inSync,5f697592-2e96-43b5-934d-8dc07c16a96d,none,https://app.getblueshift.com/dashboard#/app/campaigns/5f697592-2e96-43b5-934d-8dc07c16a96d/details,inSync Audience,65ba7ff4-c8ce-4d45-b8ef-3874a74ce89a,https://app.getblueshift.com/dashboard#/app/segments/65ba7ff4-c8ce-4d45-b8ef-3874a74ce89a/edit,10/12/24 18:00,One Time Send,10/12/24 22:01,3321569,3306602,1459,11281,1520036,1000272,531.8489691,1031787,1940,30.25,70994,41573,1.26,4.16,0.05,1629,0.01,399,9,1940,145,0,23624,47370,0,0,0,3510,0,1232046,287985,0,0,0,0,0,0,10004,34308,823192,232102,11058,32418,0,0,0,0,0,0,0,0,0,24,0,0,0,0,0,0,0,0,0,0,0,0,0,0,0,0,0,0,0,0,0,0,0,0,0,0,0,0,0,0,0,0,0,0,0,0,0,0,0.04,2.14,0.070974695,99.55,45.76,4.67,0.310632415,0.312038461,0.67879116,531.8489691,24.81868039,0.01,0.012516073,7.02,0.33
2022-01-01T00:00:00-05:00 - 2025-05-12T23:59:59-04:00,20241109 - inSync,3bf86b11-c2f1-47b0-a990-cf689918a070,none,https://app.getblueshift.com/dashboard#/app/campaigns/3bf86b11-c2f1-47b0-a990-cf689918a070/details,inSync Audience,65ba7ff4-c8ce-4d45-b8ef-3874a74ce89a,https://app.getblueshift.com/dashboard#/app/segments/65ba7ff4-c8ce-4d45-b8ef-3874a74ce89a/edit,11/9/24 19:00,One Time Send,11/9/24 23:03,3321426,3312132,801,7896,1526117,1050700,559.1385232,976815,1747,31.72,61024,36326,1.1,3.46,0.06,1980,0.01,209,2,1747,136,0,22139,38885,0,0,0,3717,0,1247475,278639,0,0,0,0,0,0,9066,29148,876325,232284,7728,27085,0,0,0,0,0,0,0,0,0,19,0,0,0,0,0,0,0,0,0,0,0,0,0,0,0,0,0,0,0,0,0,0,0,0,0,0,0,0,0,0,0,0,0,0,0,0,0,0,0.02,1.84,0.058079376,99.72,45.95,4.81,0.294095066,0.294920311,0.640065604,559.1385232,26.8902439,0.01,0.010936869,7.01,0.23
2022-01-01T00:00:00-05:00 - 2025-05-12T23:59:59-04:00,20241201 - 12 Days of Gear Email + inSync,9e30c98f-e638-4f93-9085-47665f75acff,none,https://app.getblueshift.com/dashboard#/app/campaigns/9e30c98f-e638-4f93-9085-47665f75acff/details,inSync Audience,65ba7ff4-c8ce-4d45-b8ef-3874a74ce89a,https://app.getblueshift.com/dashboard#/app/segments/65ba7ff4-c8ce-4d45-b8ef-3874a74ce89a/edit,12/1/24 19:00,One Time Send,1/21/25 14:46,3316765,3304459,497,8379,1502252,1031948,426.8708949,2079715,4872,31.23,128767,64190,1.94,6.22,0.06,1974,0.01,336,1,4872,418,0,25362,103405,0,0,0,3875,0,1204109,298136,0,0,0,0,0,0,10992,55346,854559,222870,8427,87031,0,0,0,0,0,0,0,0,0,43,0,0,0,0,0,0,0,0,0,0,0,0,0,0,0,0,0,0,0,0,0,0,0,0,0,0,0,0,0,0,0,0,0,0,0,0,0,0,0.01,3.88,0.124780512,99.63,45.29,7.59,0.627031158,0.629366259,1.384398223,426.8708949,32.39936127,0.01,0.019353195,6.74,0.25
2022-01-01T00:00:00-05:00 - 2025-05-12T23:59:59-04:00,20241126 - Black Friday - $200/$500 deals,f1a15840-727a-42ba-904d-a12c5bc13599,none,https://app.getblueshift.com/dashboard#/app/campaigns/f1a15840-727a-42ba-904d-a12c5bc13599/details,inSync Audience,65ba7ff4-c8ce-4d45-b8ef-3874a74ce89a,https://app.getblueshift.com/dashboard#/app/segments/65ba7ff4-c8ce-4d45-b8ef-3874a74ce89a/edit,11/26/24 23:00,One Time Send,11/27/24 2:12,3313417,3304121,350,5501,1457836,1046646,508.4482452,1144517,2251,31.68,55760,33902,1.03,3.24,0.05,1693,0.01,175,6,2251,218,0,21880,33880,0,0,0,3855,0,1200533,257299,0,0,0,0,0,0,8607,26458,867568,215855,5568,20544,0,0,0,0,0,0,0,0,0,15,0,0,0,0,0,0,0,0,0,0,0,0,0,0,0,0,0,0,0,0,0,0,0,0,0,0,0,0,0,0,0,0,0,0,0,0,0,0,0.01,1.68,0.053274937,99.72,44,6.64,0.345418944,0.346390765,0.785079392,508.4482452,33.75957171,0.01,0.010231734,6.53,0.17
2022-01-01T00:00:00-05:00 - 2025-05-12T23:59:59-04:00,20241123 - inSync,f4e332be-71ee-4292-90e9-a5ec4ac94545,none,https://app.getblueshift.com/dashboard#/app/campaigns/f4e332be-71ee-4292-90e9-a5ec4ac94545/details,inSync Audience,65ba7ff4-c8ce-4d45-b8ef-3874a74ce89a,https://app.getblueshift.com/dashboard#/app/segments/65ba7ff4-c8ce-4d45-b8ef-3874a74ce89a/edit,11/23/24 19:00,One Time Send,11/23/24 23:05,3309492,3297762,875,9951,1479611,1028121,464.777533,844036,1816,31.18,60221,35483,1.08,3.45,0.05,1738,0.01,222,8,1816,145,0,23439,36782,0,0,0,3804,0,1213592,266014,0,0,0,0,0,0,9105,27430,848219,220696,9988,24689,0,0,0,0,0,0,0,0,0,18,0,0,0,0,0,0,0,0,0,0,0,0,0,0,0,0,0,0,0,0,0,0,0,0,0,0,0,0,0,0,0,0,0,0,0,0,0,0,0.03,1.82,0.058573845,99.65,44.71,5.12,0.255034912,0.25594206,0.570444529,464.777533,23.78705295,0.01,0.010721585,6.69,0.3
2022-01-01T00:00:00-05:00 - 2025-05-12T23:59:59-04:00,20250301 - inSync,7b3ac06c-64f5-412d-af07-903cc8ccefbd,none,https://app.getblueshift.com/dashboard#/app/campaigns/7b3ac06c-64f5-412d-af07-903cc8ccefbd/details,inSync Audience,65ba7ff4-c8ce-4d45-b8ef-3874a74ce89a,https://app.getblueshift.com/dashboard#/app/segments/65ba7ff4-c8ce-4d45-b8ef-3874a74ce89a/edit,3/1/25 19:00,One Time Send,3/2/25 0:06,3308836,3295853,544,8892,1135835,873521,535.6888199,862459,1610,26.5,52412,27438,0.83,3.14,0.08,2747,0.01,398,2,1610,106,0,25454,26957,0,0,0,4934,0,857574,278257,0,0,0,0,0,0,8843,20397,665439,230174,8850,18658,0,0,0,0,0,0,0,0,0,23,0,0,0,0,0,0,0,0,0,0,0,0,0,0,0,0,0,0,0,0,0,0,0,0,0,0,0,0,0,0,0,0,0,0,0,0,0,0,0.02,1.58,0.060000847,99.61,34.33,5.87,0.260653293,0.261680057,0.759317154,535.6888199,31.43301261,0.01,0.008292342,6.98,0.27
2022-01-01T00:00:00-05:00 - 2025-05-12T23:59:59-04:00,20250111 - inSync A/B,1860f810-4c7e-48cd-8f66-cbcfb6cc61fb,none,https://app.getblueshift.com/dashboard#/app/campaigns/1860f810-4c7e-48cd-8f66-cbcfb6cc61fb/details,inSync Audience,65ba7ff4-c8ce-4d45-b8ef-3874a74ce89a,https://app.getblueshift.com/dashboard#/app/segments/65ba7ff4-c8ce-4d45-b8ef-3874a74ce89a/edit,1/11/25 19:00,One Time Send,1/12/25 0:03,3302165,3289241,973,8780,1506635,1047311,448.2153392,911670,2034,31.84,77763,40900,1.24,3.91,0.07,2402,0.01,201,10,2034,138,0,33255,44508,0,0,0,4404,0,1201938,304695,0,0,0,0,0,0,10624,32738,848982,243502,8728,31128,0,0,0,0,0,0,0,0,0,24,0,0,0,0,0,0,0,0,0,0,0,0,0,0,0,0,0,0,0,0,0,0,0,0,0,0,0,0,0,0,0,0,0,0,0,0,0,0,0.03,2.35,0.074250151,99.61,45.63,4.97,0.27608251,0.277167286,0.605103426,448.2153392,22.29022005,0.01,0.012385814,7.4,0.26
2022-01-01T00:00:00-05:00 - 2025-05-12T23:59:59-04:00,20250322 - inSync A/B,1b73f566-dc08-47ca-b53d-e221dee292fa,none,https://app.getblueshift.com/dashboard#/app/campaigns/1b73f566-dc08-47ca-b53d-e221dee292fa/details,inSync Audience,65ba7ff4-c8ce-4d45-b8ef-3874a74ce89a,https://app.getblueshift.com/dashboard#/app/segments/65ba7ff4-c8ce-4d45-b8ef-3874a74ce89a/edit,3/22/25 18:00,One Time Send,3/22/25 23:06,3294162,3278249,563,10778,997934,781808,602.4119273,1525307,2532,23.85,72226,41017,1.25,5.25,0.08,2731,0.01,170,22,2532,138,0,26841,45385,0,0,0,4950,0,828922,169010,0,0,0,0,0,0,10312,33218,661952,137370,10882,31769,0,0,0,0,0,0,0,0,0,43,0,0,0,0,0,0,0,0,0,0,0,0,0,0,0,0,0,0,0,0,0,0,0,0,0,0,0,0,0,0,0,0,0,0,0,0,0,0,0.02,2.19,0.092383296,99.52,30.29,6.17,0.463033391,0.465281008,1.528464808,602.4119273,37.18719068,0.01,0.012451422,4.19,0.33
2022-01-01T00:00:00-05:00 - 2025-05-12T23:59:59-04:00,20241116 - inSync,24ee6fad-1ae2-46e3-b6ab-fab61e11a53c,none,https://app.getblueshift.com/dashboard#/app/campaigns/24ee6fad-1ae2-46e3-b6ab-fab61e11a53c/details,inSync Audience,65ba7ff4-c8ce-4d45-b8ef-3874a74ce89a,https://app.getblueshift.com/dashboard#/app/segments/65ba7ff4-c8ce-4d45-b8ef-3874a74ce89a/edit,11/16/24 19:00,One Time Send,11/16/24 22:48,3292840,3296302,364,5705,1509077,1028240,546.056004,1082283,1982,31.19,60816,36087,1.09,3.51,0.06,1813,0.01,203,6,1982,145,0,21556,39260,0,0,0,3818,0,1231440,277633,0,0,0,0,0,0,8947,28930,855521,229057,5672,27085,0,0,0,0,0,0,0,0,0,35,0,0,0,0,0,0,0,0,0,0,0,0,0,0,0,0,0,0,0,0,0,0,0,0,0,0,0,0,0,0,0,0,0,0,0,0,0,0,0.01,1.85,0.059145725,100.11,45.83,5.49,0.328677676,0.328332477,0.717182092,546.056004,29.99093857,0.01,0.010959233,6.95,0.17
2022-01-01T00:00:00-05:00 - 2025-05-12T23:59:59-04:00,20250405 - inSync A/B,03fec3fb-b2aa-47bf-9e1d-4089a915840b,none,https://app.getblueshift.com/dashboard#/app/campaigns/03fec3fb-b2aa-47bf-9e1d-4089a915840b/details,inSync Audience,65ba7ff4-c8ce-4d45-b8ef-3874a74ce89a,https://app.getblueshift.com/dashboard#/app/segments/65ba7ff4-c8ce-4d45-b8ef-3874a74ce89a/edit,4/5/25 18:00,One Time Send,4/5/25 22:03,3290354,3280542,412,4907,888967,677108,604.7768903,1135771,1878,20.64,65856,36390,1.11,5.37,0.07,2458,0,145,8,1878,126,0,26589,39267,0,0,0,5025,0,816768,72194,0,0,0,0,0,0,9529,28730,628170,62778,4889,27927,0,0,0,0,0,0,0,0,0,18,0,0,0,0,0,0,0,0,0,0,0,0,0,0,0,0,0,0,0,0,0,0,0,0,0,0,0,0,0,0,0,0,0,0,0,0,0,0,0.01,2,0.097260703,99.7,27.02,5.16,0.345182008,0.346214437,1.277630103,604.7768903,31.21107447,0,0.0110596,1.91,0.15
2022-01-01T00:00:00-05:00 - 2025-05-12T23:59:59-04:00,20240113 - inSync,8ccc093a-5aaf-4d3b-9928-040ab0275783,none,https://app.getblueshift.com/dashboard#/app/campaigns/8ccc093a-5aaf-4d3b-9928-040ab0275783/details,inSync Audience,65ba7ff4-c8ce-4d45-b8ef-3874a74ce89a,https://app.getblueshift.com/dashboard#/app/segments/65ba7ff4-c8ce-4d45-b8ef-3874a74ce89a/edit,1/13/24 19:00,One Time Send,1/13/24 23:03,3289871,3260922,625,19476,1673406,1113907,421.9057519,1217620,2886,34.16,72063,52257,1.6,4.69,0.07,2347,0.01,265,20,2886,284,0,267,231,0,0,0,10237,0,1352284,321098,0,0,0,0,0,0,38,139,899055,252470,19189,53494,0,0,0,0,0,0,0,0,0,0,0,0,0,0,0,0,0,0,0,0,0,0,0,0,0,0,0,0,0,0,0,0,0,0,0,0,0,0,0,0,0,0,0,0,0,0,0,0,0.02,2.19,0.064693911,99.12,50.87,5.52,0.370111776,0.373397462,0.727629756,421.9057519,23.30061044,0.01,0.015884209,7.74,0.58
2022-01-01T00:00:00-05:00 - 2025-05-12T23:59:59-04:00,20240615 - inSync (A/B),139d8c58-9d6f-4a31-a157-445247a2821b,none,https://app.getblueshift.com/dashboard#/app/campaigns/139d8c58-9d6f-4a31-a157-445247a2821b/details,inSync Audience,65ba7ff4-c8ce-4d45-b8ef-3874a74ce89a,https://app.getblueshift.com/dashboard#/app/segments/65ba7ff4-c8ce-4d45-b8ef-3874a74ce89a/edit,6/15/24 18:00,One Time Send,6/15/24 22:03,3289717,3273888,489,6481,1335414,986164,487.4704684,957392,1964,30.12,66084,40113,1.23,4.07,0.09,2888,0.01,245,8,1964,134,0,17671,43132,0,0,0,10582,0,1054031,281379,0,0,0,0,0,0,10729,30998,792210,230124,6489,33027,0,0,0,0,0,0,0,0,0,35,0,0,0,0,0,0,0,0,0,0,0,0,0,0,0,0,0,0,0,0,0,0,0,0,0,0,0,0,0,0,0,0,0,0,0,0,0,0,0.01,2.01,0.067011166,99.52,40.59,4.9,0.291025641,0.292432728,0.716925238,487.4704684,23.86737467,0.01,0.01219345,7.03,0.2
2022-01-01T00:00:00-05:00 - 2025-05-12T23:59:59-04:00,20240127 - inSync,859092fd-95a5-4796-99bd-e5676a317840,none,https://app.getblueshift.com/dashboard#/app/campaigns/859092fd-95a5-4796-99bd-e5676a317840/details,inSync Audience,65ba7ff4-c8ce-4d45-b8ef-3874a74ce89a,https://app.getblueshift.com/dashboard#/app/segments/65ba7ff4-c8ce-4d45-b8ef-3874a74ce89a/edit,1/27/24 19:00,One Time Send,1/27/24 23:03,3289148,3256927,637,22644,1693348,1136882,424.5158711,1805466,4253,34.91,80299,54474,1.67,4.79,0.06,2020,0.01,337,11,4253,321,0,415,396,0,0,0,10378,0,1362994,330339,0,0,0,0,0,0,53,197,931410,257914,22749,57754,0,0,0,0,0,0,0,0,0,2,0,0,0,0,0,0,0,0,0,0,0,0,0,0,0,0,0,0,0,0,0,0,0,0,0,0,0,0,0,0,0,0,0,0,0,0,0,0,0.02,2.44,0.070630901,99.02,51.48,7.81,0.548916011,0.554346474,1.066210844,424.5158711,33.14362815,0.01,0.016561736,7.92,0.69
2022-01-01T00:00:00-05:00 - 2025-05-12T23:59:59-04:00,20240106 - inSync,ac4a5dfe-78a4-4f10-bd98-19e6fd4e0315,none,https://app.getblueshift.com/dashboard#/app/campaigns/ac4a5dfe-78a4-4f10-bd98-19e6fd4e0315/details,inSync Audience,65ba7ff4-c8ce-4d45-b8ef-3874a74ce89a,https://app.getblueshift.com/dashboard#/app/segments/65ba7ff4-c8ce-4d45-b8ef-3874a74ce89a/edit,1/6/24 19:00,One Time Send,1/6/24 23:09,3288148,3260086,956,18317,1683869,1125684,419.9058279,1087976,2591,34.53,62410,43756,1.34,3.89,0.09,2950,0.01,291,29,2591,285,0,247,189,0,0,0,10241,0,1367089,316764,0,0,0,0,0,0,42,110,916424,257281,18424,44280,0,0,0,0,0,0,0,0,0,0,0,0,0,0,0,0,0,0,0,0,0,0,0,0,0,0,0,0,0,0,0,0,0,0,0,0,0,0,0,0,0,0,0,0,0,0,0,0,0.03,1.9,0.055441847,99.15,51.21,5.92,0.330878051,0.333726166,0.64611677,419.9058279,24.86461285,0.01,0.013307187,7.89,0.56
2022-01-01T00:00:00-05:00 - 2025-05-12T23:59:59-04:00,20240203 - inSync,c065e4de-36cb-4356-9f2c-af98746260e1,none,https://app.getblueshift.com/dashboard#/app/campaigns/c065e4de-36cb-4356-9f2c-af98746260e1/details,inSync Audience,65ba7ff4-c8ce-4d45-b8ef-3874a74ce89a,https://app.getblueshift.com/dashboard#/app/segments/65ba7ff4-c8ce-4d45-b8ef-3874a74ce89a/edit,2/3/24 19:00,One Time Send,2/3/24 23:03,3285265,3247436,693,27997,1692591,1108946,447.0243976,1484121,3320,34.15,67131,45141,1.39,4.07,0.06,1989,0.01,295,13,3320,294,0,316,225,0,0,0,10377,0,1374225,318350,0,0,0,0,0,0,64,170,903802,252480,28008,46263,0,0,0,0,0,0,0,0,0,0,0,0,0,0,0,0,0,0,0,0,0,0,0,0,0,0,0,0,0,0,0,0,0,0,0,0,0,0,0,0,0,0,0,0,0,0,0,0,0.02,2.04,0.06053586,98.85,51.52,7.35,0.451750772,0.457013164,0.876833801,447.0243976,32.87745065,0.01,0.013740444,7.77,0.85
2022-01-01T00:00:00-05:00 - 2025-05-12T23:59:59-04:00,20250208 - inSync A/B,99f7cf4d-a34c-4f47-be9e-9670e79a561e,none,https://app.getblueshift.com/dashboard#/app/campaigns/99f7cf4d-a34c-4f47-be9e-9670e79a561e/details,inSync Audience + Fatigue Prevention,1c62db68-ab15-43f5-b995-fa46a83aa12c,https://app.getblueshift.com/dashboard#/app/segments/1c62db68-ab15-43f5-b995-fa46a83aa12c/edit,2/8/25 19:00,One Time Send,2/9/25 0:01,3283689,3265471,632,13875,1308074,925202,497.5058448,936306,1882,28.33,57561,31454,0.96,3.4,0.06,2035,0.01,216,10,1882,100,0,24390,33171,0,0,0,4943,0,1024340,283731,0,0,0,0,0,0,8756,24753,725406,231039,13679,23177,0,0,0,0,0,0,0,0,0,34,0,0,0,0,0,0,0,0,0,0,0,0,0,0,0,0,0,0,0,0,0,0,0,0,0,0,0,0,0,0,0,0,0,0,0,0,0,0,0.02,1.75,0.062214522,99.45,39.84,5.98,0.285138453,0.286729234,0.715789779,497.5058448,29.76746996,0.01,0.009578861,7.08,0.42
2022-01-01T00:00:00-05:00 - 2025-05-12T23:59:59-04:00,20250129 - January Clearance Last Chance,3cdc00d4-1339-4602-8af5-fcd84b69a3b5,none,https://app.getblueshift.com/dashboard#/app/campaigns/3cdc00d4-1339-4602-8af5-fcd84b69a3b5/details,T1+2 - All,fea24e7b-bf88-47d4-b099-2da7ec7a15e8,https://app.getblueshift.com/dashboard#/app/segments/fea24e7b-bf88-47d4-b099-2da7ec7a15e8/edit,1/29/25 16:15,One Time Send,1/30/25 17:06,3278090,3268305,274,5613,1457523,1025782,546.4736842,1952004,3572,31.39,84085,48594,1.49,4.74,0.05,1739,0.01,220,3,3572,329,0,30770,53315,0,0,0,4493,0,1186819,270703,0,0,0,0,0,0,10183,40781,837446,228006,5562,5774,0,0,0,0,0,0,0,0,0,49,0,0,0,0,0,0,0,0,0,0,0,0,0,0,0,0,0,0,0,0,0,0,0,0,0,0,0,0,0,0,0,0,0,0,0,0,0,0,0.01,2.57,0.081971608,99.7,44.46,7.35,0.595469923,0.597252704,1.339261199,546.4736842,40.16965057,0.01,0.014823876,6.98,0.17
2022-01-01T00:00:00-05:00 - 2025-05-12T23:59:59-04:00,20240120 - inSync,ef9145b0-420b-4b7d-b690-0fc3eeda8eec,none,https://app.getblueshift.com/dashboard#/app/campaigns/ef9145b0-420b-4b7d-b690-0fc3eeda8eec/details,inSync Audience,65ba7ff4-c8ce-4d45-b8ef-3874a74ce89a,https://app.getblueshift.com/dashboard#/app/segments/65ba7ff4-c8ce-4d45-b8ef-3874a74ce89a/edit,1/20/24 19:00,One Time Send,1/20/24 23:03,3275888,3257634,310,8697,1674355,1126830,393.6883477,1277125,3244,34.59,73903,51059,1.57,4.53,0.07,2129,0.01,292,6,3244,292,0,370,206,0,0,0,10341,0,1348684,325658,0,0,0,0,0,0,49,148,917926,260695,8635,50426,0,0,0,0,0,0,0,0,0,0,0,0,0,0,0,0,0,0,0,0,0,0,0,0,0,0,0,0,0,0,0,0,0,0,0,0,0,0,0,0,0,0,0,0,0,0,0,0,0.01,2.26,0.065584871,99.44,51.11,6.35,0.389856125,0.392040665,0.762756405,393.6883477,25.01273037,0.01,0.015586308,8,0.26
2022-01-01T00:00:00-05:00 - 2025-05-12T23:59:59-04:00,20231230 - inSync,fb211867-3ba6-4123-abdc-5a03aafe53e2,none,https://app.getblueshift.com/dashboard#/app/campaigns/fb211867-3ba6-4123-abdc-5a03aafe53e2/details,inSync Audience,65ba7ff4-c8ce-4d45-b8ef-3874a74ce89a,https://app.getblueshift.com/dashboard#/app/segments/65ba7ff4-c8ce-4d45-b8ef-3874a74ce89a/edit,12/30/23 18:00,One Time Send,12/30/23 22:21,3269962,3251147,504,9592,1668541,1137078,411.5607514,1029725,2502,34.97,52066,35533,1.09,3.12,0.09,3015,0.01,336,16,2502,275,0,235,185,0,0,0,10201,0,1372009,296520,0,0,0,0,0,0,41,105,933608,233727,9431,35118,0,0,0,0,0,0,0,0,0,0,0,0,0,0,0,0,0,0,0,0,0,0,0,0,0,0,0,0,0,0,0,0,0,0,0,0,0,0,0,0,0,0,0,0,0,0,0,0,0.02,1.59,0.045789295,99.42,51.03,7.04,0.314904271,0.316726681,0.617140963,411.5607514,28.97939943,0.01,0.010866487,7.19,0.29
2022-01-01T00:00:00-05:00 - 2025-05-12T23:59:59-04:00,20250402 - Keyboard Month,d1001761-3b25-427a-9d95-de426d63e737,none,https://app.getblueshift.com/dashboard#/app/campaigns/d1001761-3b25-427a-9d95-de426d63e737/details,20250402 - Keyboard month,500717a9-ab68-433a-bd31-0d2e3cfe25fb,https://app.getblueshift.com/dashboard#/app/segments/500717a9-ab68-433a-bd31-0d2e3cfe25fb/edit,4/2/25 17:00,One Time Send,4/2/25 20:54,3267575,3256521,326,7262,1325693,957891,745.2775801,1047115,1405,29.41,47235,26183,0.8,2.73,0.07,2268,0.01,178,0,1405,147,0,23491,23736,0,0,0,5048,0,1126297,199391,0,0,0,0,0,0,9369,19018,819008,168080,7223,14714,0,0,0,0,0,0,0,0,0,16,0,0,0,0,0,0,0,0,0,0,0,0,0,0,0,0,0,0,0,0,0,0,0,0,0,0,0,0,0,0,0,0,0,0,0,0,0,0,0.01,1.45,0.049311456,99.66,40.57,5.37,0.320456302,0.321544065,0.789862359,745.2775801,39.99217049,0.01,0.008012976,5.16,0.22
2022-01-01T00:00:00-05:00 - 2025-05-12T23:59:59-04:00,20250426 - inSync,3d7e28c3-ef09-4466-aab6-73e866043272,none,https://app.getblueshift.com/dashboard#/app/campaigns/3d7e28c3-ef09-4466-aab6-73e866043272/details,inSync Audience,65ba7ff4-c8ce-4d45-b8ef-3874a74ce89a,https://app.getblueshift.com/dashboard#/app/segments/65ba7ff4-c8ce-4d45-b8ef-3874a74ce89a/edit,4/26/25 18:00,One Time Send,4/26/25 22:03,3266888,3253611,338,8687,1012780,794354,656.9798357,879696,1339,24.41,71938,42475,1.31,5.35,0.06,2049,0,80,29,1339,120,0,24780,47158,0,0,0,5425,0,784503,228269,0,0,0,0,0,0,10036,35358,624666,189816,8737,31539,0,0,0,0,0,0,0,0,0,32,0,0,0,0,0,0,0,0,0,0,0,0,0,0,0,0,0,0,0,0,0,0,0,0,0,0,0,0,0,0,0,0,0,0,0,0,0,0,0.01,2.2,0.090561639,99.59,31,3.15,0.269276449,0.270375285,0.868595351,656.9798357,20.7109123,0,0.01300167,5.83,0.27
2022-01-01T00:00:00-05:00 - 2025-05-12T23:59:59-04:00,20231223 - inSync,8281fe80-f74f-4a53-853d-87e8c2dc730b,none,https://app.getblueshift.com/dashboard#/app/campaigns/8281fe80-f74f-4a53-853d-87e8c2dc730b/details,inSync Audience,65ba7ff4-c8ce-4d45-b8ef-3874a74ce89a,https://app.getblueshift.com/dashboard#/app/segments/65ba7ff4-c8ce-4d45-b8ef-3874a74ce89a/edit,12/23/23 19:00,One Time Send,12/23/23 23:03,3264697,3243771,368,11714,1648981,1116914,434.1923523,749416,1726,34.43,39388,25668,0.79,2.3,0.07,2182,0.01,390,7,1726,193,0,283,88,0,0,0,10094,0,1366603,282366,0,0,0,0,0,0,36,45,920420,232045,11682,22754,0,0,0,0,0,0,0,0,0,0,0,0,0,0,0,0,0,0,0,0,0,0,0,0,0,0,0,0,0,0,0,0,0,0,0,0,0,0,0,0,0,0,0,0,0,0,0,0,0.01,1.21,0.035265025,99.36,50.51,6.72,0.229551471,0.231032339,0.454472186,434.1923523,29.19650927,0.01,0.007862292,7.15,0.36
2022-01-01T00:00:00-05:00 - 2025-05-12T23:59:59-04:00,20240210 - inSync,4968f0c1-d22a-4b15-ad37-303514fe978a,none,https://app.getblueshift.com/dashboard#/app/campaigns/4968f0c1-d22a-4b15-ad37-303514fe978a/details,inSync Audience,65ba7ff4-c8ce-4d45-b8ef-3874a74ce89a,https://app.getblueshift.com/dashboard#/app/segments/65ba7ff4-c8ce-4d45-b8ef-3874a74ce89a/edit,2/10/24 19:00,One Time Send,2/10/24 23:09,3252713,3233919,568,8886,1683133,1116638,436.4206061,1440188,3300,34.53,67890,46337,1.43,4.15,0.13,4121,0.01,373,5,3300,276,0,315,302,0,0,0,10391,0,1373100,310022,0,0,0,0,0,0,52,168,902971,247108,9073,46522,0,0,0,0,0,0,0,0,0,0,0,0,0,0,0,0,0,0,0,0,0,0,0,0,0,0,0,0,0,0,0,0,0,0,0,0,0,0,0,0,0,0,0,0,0,0,0,0,0.02,2.09,0.060798576,99.42,51.75,7.12,0.442765162,0.445338303,0.85565906,436.4206061,31.08073462,0.01,0.014245647,7.64,0.28
2022-01-01T00:00:00-05:00 - 2025-05-12T23:59:59-04:00,20240217- inSync,176eb550-22ab-41fe-8f7c-9d07db2898a7,none,https://app.getblueshift.com/dashboard#/app/campaigns/176eb550-22ab-41fe-8f7c-9d07db2898a7/details,inSync Audience,65ba7ff4-c8ce-4d45-b8ef-3874a74ce89a,https://app.getblueshift.com/dashboard#/app/segments/65ba7ff4-c8ce-4d45-b8ef-3874a74ce89a/edit,2/17/24 19:00,One Time Send,2/17/24 23:34,3251829,3234243,502,7730,1679605,1107059,414.9852248,1320068,3181,34.23,67279,46419,1.44,4.19,0.11,3678,0.01,244,5,3181,285,0,420,276,0,0,0,10407,0,1368464,311132,0,0,0,0,0,0,65,211,915024,241955,7670,46656,0,0,0,0,0,0,0,0,0,0,0,0,0,0,0,0,0,0,0,0,0,0,0,0,0,0,0,0,0,0,0,0,0,0,0,0,0,0,0,0,0,0,0,0,0,0,0,0,0.02,2.07,0.060772732,99.46,51.65,6.85,0.405946315,0.408153624,0.785939551,414.9852248,28.43809647,0.01,0.014274736,7.48,0.24
2022-01-01T00:00:00-05:00 - 2025-05-12T23:59:59-04:00,20231216 - inSync,cf5ee41f-8d05-4137-ab62-7ad4aa6449a3,none,https://app.getblueshift.com/dashboard#/app/campaigns/cf5ee41f-8d05-4137-ab62-7ad4aa6449a3/details,inSync Audience,65ba7ff4-c8ce-4d45-b8ef-3874a74ce89a,https://app.getblueshift.com/dashboard#/app/segments/65ba7ff4-c8ce-4d45-b8ef-3874a74ce89a/edit,12/16/23 15:00,One Time Send,12/16/23 19:03,3248712,3227325,645,12101,1567491,1086601,419.5688406,463204,1104,33.67,31703,19454,0.6,1.79,0.07,2172,0.02,520,6,1104,175,0,274,251,0,0,0,9938,0,1320811,246669,0,0,0,0,0,0,36,32,907987,211098,12074,14681,0,0,0,0,0,0,0,0,0,0,0,0,0,0,0,0,0,0,0,0,0,0,0,0,0,0,0,0,0,0,0,0,0,0,0,0,0,0,0,0,0,0,0,0,0,0,0,0,0.02,0.98,0.029176303,99.34,48.25,5.67,0.142580814,0.143525675,0.295506641,419.5688406,23.81021898,0.02,0.005988219,6.54,0.37
2022-01-01T00:00:00-05:00 - 2025-05-12T23:59:59-04:00,20240224 - inSync (A/B),b79f6969-2e06-4f2f-ad67-14612d4bbb72,none,https://app.getblueshift.com/dashboard#/app/campaigns/b79f6969-2e06-4f2f-ad67-14612d4bbb72/details,inSync Audience,65ba7ff4-c8ce-4d45-b8ef-3874a74ce89a,https://app.getblueshift.com/dashboard#/app/segments/65ba7ff4-c8ce-4d45-b8ef-3874a74ce89a/edit,2/24/24 19:00,One Time Send,2/24/24 23:03,3243902,3226138,191,8144,1656802,1106792,452.4278149,1623311,3588,34.31,75071,51889,1.61,4.69,0.1,3075,0.01,257,9,3588,311,0,322,772,0,0,0,10404,0,1347403,309384,0,0,0,0,0,0,61,200,889071,254327,7963,52132,0,0,0,0,0,0,0,0,0,1,0,0,0,0,0,0,0,0,0,0,0,0,0,0,0,0,0,0,0,0,0,0,0,0,0,0,0,0,0,0,0,0,0,0,0,0,0,0,0.01,2.31,0.067827559,99.45,51.07,6.91,0.500419248,0.503174694,0.979785756,452.4278149,31.28429918,0.01,0.015995859,7.88,0.25
2022-01-01T00:00:00-05:00 - 2025-05-12T23:59:59-04:00,20240302 - inSync,e7acc824-2b3c-4703-ab36-cc06f0bcd40a,none,https://app.getblueshift.com/dashboard#/app/campaigns/e7acc824-2b3c-4703-ab36-cc06f0bcd40a/details,inSync Audience,65ba7ff4-c8ce-4d45-b8ef-3874a74ce89a,https://app.getblueshift.com/dashboard#/app/segments/65ba7ff4-c8ce-4d45-b8ef-3874a74ce89a/edit,3/2/24 19:00,One Time Send,4/4/24 21:19,3240249,3222704,603,8755,1647217,1103238,476.187219,1482847,3114,34.23,71857,47707,1.48,4.32,0.1,3336,0.01,305,9,3114,246,0,14,90,0,0,0,10436,0,1344655,302546,0,0,0,0,0,0,6,67,907633,243233,8687,47709,0,0,0,0,0,0,0,0,0,0,0,0,0,0,0,0,0,0,0,0,0,0,0,0,0,0,0,0,0,0,0,0,0,0,0,0,0,0,0,0,0,0,0,0,0,0,0,0,0.02,2.22,0.065132818,99.46,50.84,6.53,0.457633657,0.4601251,0.900213512,476.187219,31.08237785,0.01,0.014723251,7.55,0.27
2022-01-01T00:00:00-05:00 - 2025-05-12T23:59:59-04:00,20240309 - inSync (A/B),107f181f-d376-4501-bb40-a093d54baefd,none,https://app.getblueshift.com/dashboard#/app/campaigns/107f181f-d376-4501-bb40-a093d54baefd/details,inSync Audience,65ba7ff4-c8ce-4d45-b8ef-3874a74ce89a,https://app.getblueshift.com/dashboard#/app/segments/65ba7ff4-c8ce-4d45-b8ef-3874a74ce89a/edit,3/9/24 19:00,One Time Send,3/9/24 23:03,3240108,3208510,511,22258,1612770,1094245,518.6258338,1710428,3298,34.1,77187,50541,1.58,4.62,0.1,3078,0.01,229,13,3298,241,0,328,300,0,0,0,10485,0,1308718,304041,0,0,0,0,0,0,52,208,909726,242752,22214,51057,0,0,0,0,0,0,0,0,0,2,0,0,0,0,0,0,0,0,0,0,0,0,0,0,0,0,0,0,0,0,0,0,0,0,0,0,0,0,0,0,0,0,0,0,0,0,0,0,0.02,2.38,0.070539047,99.02,49.78,6.53,0.52789228,0.533091061,1.060552962,518.6258338,33.84238539,0.01,0.015598554,7.57,0.69
2022-01-01T00:00:00-05:00 - 2025-05-12T23:59:59-04:00,20250125 - inSync,bbe0c8a4-956f-496a-902e-1f430b0c722b,none,https://app.getblueshift.com/dashboard#/app/campaigns/bbe0c8a4-956f-496a-902e-1f430b0c722b/details,inSync Audience + Fatigue Prevention V2,bcd9befd-cd83-4e58-a5b2-e30b8db3d8a9,https://app.getblueshift.com/dashboard#/app/segments/bcd9befd-cd83-4e58-a5b2-e30b8db3d8a9/edit,1/25/25 19:00,One Time Send,1/26/25 0:01,3238463,3227101,266,7298,1186870,877076,641.8591097,1398611,2179,27.18,65085,35967,1.11,4.1,0.06,2060,0.01,185,5,2179,129,0,27509,37576,0,0,0,4422,0,892713,294156,0,0,0,0,0,0,10120,27221,675755,237201,7356,22895,0,0,0,0,0,0,0,0,0,21,0,0,0,0,0,0,0,0,0,0,0,0,0,0,0,0,0,0,0,0,0,0,0,0,0,0,0,0,0,0,0,0,0,0,0,0,0,0,0.01,2.01,0.074206796,99.65,36.65,6.06,0.431874936,0.433395484,1.178402858,641.8591097,38.88595101,0.01,0.011106195,7.35,0.23
2022-01-01T00:00:00-05:00 - 2025-05-12T23:59:59-04:00,20250308 - inSync,68b80bcf-6903-4016-bf47-90cf20548ed4,none,https://app.getblueshift.com/dashboard#/app/campaigns/68b80bcf-6903-4016-bf47-90cf20548ed4/details,inSync Audience,65ba7ff4-c8ce-4d45-b8ef-3874a74ce89a,https://app.getblueshift.com/dashboard#/app/segments/65ba7ff4-c8ce-4d45-b8ef-3874a74ce89a/edit,3/8/25 19:00,One Time Send,3/9/25 0:03,3231050,3218587,592,7552,1061954,827753,571.2367958,648925,1136,25.72,47426,25326,0.79,3.06,0.08,2690,0.01,172,4,1136,78,0,24522,22903,0,0,0,4958,0,802371,259576,0,0,0,0,0,0,9132,17997,624612,215223,7459,16077,0,0,0,0,0,0,0,0,0,19,0,0,0,0,0,0,0,0,0,0,0,0,0,0,0,0,0,0,0,0,0,0,0,0,0,0,0,0,0,0,0,0,0,0,0,0,0,0,0.02,1.47,0.057294869,99.61,32.87,4.49,0.200840284,0.201617977,0.611066958,571.2367958,25.62287768,0.01,0.007838319,6.69,0.23
2022-01-01T00:00:00-05:00 - 2025-05-12T23:59:59-04:00,20231209 - inSync (A/B),fe349d3d-e2dc-403e-a77f-6bb7fc236b64,none,https://app.getblueshift.com/dashboard#/app/campaigns/fe349d3d-e2dc-403e-a77f-6bb7fc236b64/details,inSync Audience,65ba7ff4-c8ce-4d45-b8ef-3874a74ce89a,https://app.getblueshift.com/dashboard#/app/segments/65ba7ff4-c8ce-4d45-b8ef-3874a74ce89a/edit,12/9/23 19:00,One Time Send,12/9/23 23:21,3229922,3214561,652,7453,1625004,1105249,452.4342975,1094891,2420,34.38,54353,33231,1.03,3.01,0.07,2167,0.01,403,10,2420,263,0,403,272,0,0,0,9817,0,1336877,288121,0,0,0,0,0,0,40,77,911878,236393,7532,28679,0,0,0,0,0,0,0,0,0,1,0,0,0,0,0,0,0,0,0,0,0,0,0,0,0,0,0,0,0,0,0,0,0,0,0,0,0,0,0,0,0,0,0,0,0,0,0,0,0.02,1.68,0.049177154,99.52,50.31,7.28,0.338983728,0.340603585,0.673777418,452.4342975,32.94787999,0.01,0.010288484,7.35,0.23
2022-01-01T00:00:00-05:00 - 2025-05-12T23:59:59-04:00,20240316 - inSync (A/B),a3e5c50f-27c0-431a-85f7-87e3485b610f,none,https://app.getblueshift.com/dashboard#/app/campaigns/a3e5c50f-27c0-431a-85f7-87e3485b610f/details,inSync Audience,65ba7ff4-c8ce-4d45-b8ef-3874a74ce89a,https://app.getblueshift.com/dashboard#/app/segments/65ba7ff4-c8ce-4d45-b8ef-3874a74ce89a/edit,3/16/24 18:00,One Time Send,3/16/24 22:06,3228334,3211932,225,6987,1647610,1086666,538.8238636,1801827,3344,33.83,78319,53167,1.66,4.89,0.1,3207,0.01,286,18,3344,288,0,301,341,0,0,0,10543,0,1339366,308230,0,0,0,0,0,0,51,233,892559,241395,6940,52737,0,0,0,0,0,0,0,0,0,0,0,0,0,0,0,0,0,0,0,0,0,0,0,0,0,0,0,0,0,0,0,0,0,0,0,0,0,0,0,0,0,0,0,0,0,0,0,0,0.01,2.43,0.072072744,99.49,51.04,6.29,0.558129054,0.560979186,1.093600427,538.8238636,33.88995053,0.01,0.016468866,7.52,0.21
2022-01-01T00:00:00-05:00 - 2025-05-12T23:59:59-04:00,20241202 - Cyber Monday AM,cbfb5cab-fdac-4c40-b8c5-6e2d7bafebb6,none,https://app.getblueshift.com/dashboard#/app/campaigns/cbfb5cab-fdac-4c40-b8c5-6e2d7bafebb6/details,T1+2+3 - All,5bfa13cc-8e1d-423d-9392-6a579d326cc3,https://app.getblueshift.com/dashboard#/app/segments/5bfa13cc-8e1d-423d-9392-6a579d326cc3/edit,12/2/24 14:23,One Time Send,12/2/24 16:09,3225128,3216576,477,4849,1394677,1000471,481.1949984,1520095,3159,31.1,53324,34512,1.07,3.45,0.07,2249,0.01,270,10,3159,309,0,21154,32170,0,0,0,3873,0,1157024,237648,0,0,0,0,0,0,8407,27339,824980,203086,4813,20923,0,0,0,0,0,0,0,0,0,49,0,0,0,0,0,0,0,0,0,0,0,0,0,0,0,0,0,0,0,0,0,0,0,0,0,0,0,0,0,0,0,0,0,0,0,0,0,0,0.01,1.65,0.053298896,99.73,43.24,9.15,0.47132858,0.472581714,1.089926198,481.1949984,44.0454045,0.01,0.010700971,6.31,0.15
2022-01-01T00:00:00-05:00 - 2025-05-12T23:59:59-04:00,20250201 - inSync,93d2cce5-0999-4d23-b9aa-fee3090a6269,none,https://app.getblueshift.com/dashboard#/app/campaigns/93d2cce5-0999-4d23-b9aa-fee3090a6269/details,inSync Audience + Fatigue Prevention V2,bcd9befd-cd83-4e58-a5b2-e30b8db3d8a9,https://app.getblueshift.com/dashboard#/app/segments/bcd9befd-cd83-4e58-a5b2-e30b8db3d8a9/edit,2/1/25 19:00,One Time Send,2/1/25 23:06,3222476,3212144,427,6367,1128669,844902,459.3457422,987134,2149,26.3,65156,36999,1.15,4.38,0.06,1922,0.01,184,8,2149,149,0,23547,41609,0,0,0,4421,0,847638,281028,0,0,0,0,0,0,8425,30527,639793,232202,6375,28607,0,0,0,0,0,0,0,0,0,29,0,0,0,0,0,0,0,0,0,0,0,0,0,0,0,0,0,0,0,0,0,0,0,0,0,0,0,0,0,0,0,0,0,0,0,0,0,0,0.01,2.02,0.077116636,99.68,35.02,5.81,0.306327805,0.307313122,0.874600082,459.3457422,26.68001838,0.01,0.011481544,7.23,0.2
2022-01-01T00:00:00-05:00 - 2025-05-12T23:59:59-04:00,20240323 - inSync (A/B),f9b4eeb6-5650-4702-b8db-20b328090622,none,https://app.getblueshift.com/dashboard#/app/campaigns/f9b4eeb6-5650-4702-b8db-20b328090622/details,inSync Audience,65ba7ff4-c8ce-4d45-b8ef-3874a74ce89a,https://app.getblueshift.com/dashboard#/app/segments/65ba7ff4-c8ce-4d45-b8ef-3874a74ce89a/edit,3/23/24 18:00,One Time Send,3/23/24 22:15,3217730,3200293,542,7639,1629401,1102405,485.2803197,1760597,3628,34.45,86010,59648,1.86,5.41,0.1,3067,0.01,242,13,3628,299,0,362,385,0,0,0,10504,0,1316596,312790,0,0,0,0,0,0,51,262,905389,247635,7623,57858,0,0,0,0,0,0,0,0,0,0,0,0,0,0,0,0,0,0,0,0,0,0,0,0,0,0,0,0,0,0,0,0,0,0,0,0,0,0,0,0,0,0,0,0,0,0,0,0,0.02,2.67,0.078020328,99.46,50.64,6.08,0.547154982,0.550136191,1.080517933,485.2803197,29.51644649,0.01,0.018537292,7.74,0.24
2022-01-01T00:00:00-05:00 - 2025-05-12T23:59:59-04:00,20231202 - inSync,2730b27b-bfb4-4f35-8442-01261545ce41,none,https://app.getblueshift.com/dashboard#/app/campaigns/2730b27b-bfb4-4f35-8442-01261545ce41/details,inSync Audience,65ba7ff4-c8ce-4d45-b8ef-3874a74ce89a,https://app.getblueshift.com/dashboard#/app/segments/65ba7ff4-c8ce-4d45-b8ef-3874a74ce89a/edit,12/2/23 19:00,One Time Send,12/2/23 23:03,3217603,3203046,583,7109,1595288,1074145,511.4343891,1017243,1989,33.54,46425,27083,0.85,2.52,0.07,2119,0.01,337,8,1989,279,0,371,211,0,0,0,9726,0,1322450,272823,0,0,0,0,0,0,28,29,899592,227459,7100,15308,0,0,0,0,0,0,0,0,0,0,0,0,0,0,0,0,0,0,0,0,0,0,0,0,0,0,0,0,0,0,0,0,0,0,0,0,0,0,0,0,0,0,0,0,0,0,0,0,0.02,1.44,0.043220422,99.55,49.58,7.34,0.31614932,0.317586135,0.637654768,511.4343891,37.56020382,0.01,0.008417135,7.1,0.22
2022-01-01T00:00:00-05:00 - 2025-05-12T23:59:59-04:00,20231211 - Green Monday AM,fba64c96-bc8a-4f01-bcd4-54b088678e4d,none,https://app.getblueshift.com/dashboard#/app/campaigns/fba64c96-bc8a-4f01-bcd4-54b088678e4d/details,T1+2+3+deal alerts - All not locked,7278d812-a856-491d-903e-0180dcd41c1a,https://app.getblueshift.com/dashboard#/app/segments/7278d812-a856-491d-903e-0180dcd41c1a/edit,12/11/23 16:45,One Time Send,12/11/23 19:45,3217100,3199535,265,9221,1564906,1063745,426.5978632,1876604,4399,33.25,64496,50143,1.57,4.71,0.06,2056,0.01,308,1,4399,569,0,102,33,0,0,0,9895,0,1291914,272991,0,0,0,0,0,0,16,19,884153,231827,9279,39137,0,0,0,0,0,0,0,0,0,0,0,0,0,0,0,0,0,0,0,0,0,0,0,0,0,0,0,0,0,0,0,0,0,0,0,0,0,0,0,0,0,0,0,0,0,0,0,0,0.01,2,0.060631072,99.45,48.64,8.77,0.583321625,0.586523979,1.199180015,426.5978632,37.42504437,0.01,0.015586398,7.25,0.29
2022-01-01T00:00:00-05:00 - 2025-05-12T23:59:59-04:00,20240406 - inSync,9f4e5e21-8528-420d-bf00-eb1928a9cb8c,none,https://app.getblueshift.com/dashboard#/app/campaigns/9f4e5e21-8528-420d-bf00-eb1928a9cb8c/details,inSync Audience,65ba7ff4-c8ce-4d45-b8ef-3874a74ce89a,https://app.getblueshift.com/dashboard#/app/segments/65ba7ff4-c8ce-4d45-b8ef-3874a74ce89a/edit,4/6/24 18:00,One Time Send,4/6/24 22:03,3204512,3186944,896,7469,1569888,1091289,474.339249,1844231,3888,34.24,87899,59108,1.85,5.42,0.1,3073,0.01,261,9,3888,312,0,380,862,0,0,0,10499,0,1252400,317478,0,0,0,0,0,0,88,567,865771,257719,7499,57611,0,0,0,0,0,0,0,0,0,1,0,0,0,0,0,0,0,0,0,0,0,0,0,0,0,0,0,0,0,0,0,0,0,0,0,0,0,0,0,0,0,0,0,0,0,0,0,0,0.03,2.74,0.080546033,99.45,48.99,6.58,0.575510717,0.578683215,1.174753231,474.339249,31.20103878,0.01,0.018445242,8.09,0.23
2022-01-01T00:00:00-05:00 - 2025-05-12T23:59:59-04:00,20240413 - inSync,5e5d9914-d4aa-444a-9073-ad20d52249b2,none,https://app.getblueshift.com/dashboard#/app/campaigns/5e5d9914-d4aa-444a-9073-ad20d52249b2/details,inSync Audience,65ba7ff4-c8ce-4d45-b8ef-3874a74ce89a,https://app.getblueshift.com/dashboard#/app/segments/65ba7ff4-c8ce-4d45-b8ef-3874a74ce89a/edit,4/13/24 18:00,One Time Send,4/13/24 22:03,3193237,3170480,709,12908,1413291,1001981,485.0337386,1595761,3290,31.6,77592,54606,1.72,5.45,0.09,2859,0,143,9,3290,238,0,537,1154,0,0,0,10438,0,1103921,309351,0,0,0,0,0,0,108,779,806344,243838,13196,49953,0,0,0,0,0,0,0,0,0,0,0,0,0,0,0,0,0,0,0,0,0,0,0,0,0,0,0,0,0,0,0,0,0,0,0,0,0,0,0,0,0,0,0,0,0,0,0,0,0.02,2.43,0.077438594,99.29,44.26,6.02,0.499731464,0.503318425,1.129109999,485.0337386,29.2231806,0,0.017100516,7.69,0.41
2022-01-01T00:00:00-05:00 - 2025-05-12T23:59:59-04:00,20250422 - April Giveaway,05c6919f-6dcc-45d2-9ee2-84acda07c5c0,none,https://app.getblueshift.com/dashboard#/app/campaigns/05c6919f-6dcc-45d2-9ee2-84acda07c5c0/details,Giveaway Segment V2,3c33e0c2-377a-407e-a3e9-48fdf6f008a1,https://app.getblueshift.com/dashboard#/app/segments/3c33e0c2-377a-407e-a3e9-48fdf6f008a1/edit,4/22/25 14:00,One Time Send,4/22/25 19:15,3186724,3171101,317,11276,979527,769104,605.8178914,948105,1565,24.25,60495,37231,1.17,4.84,0.07,2316,0.01,172,1,1565,88,0,23561,36934,0,0,0,5338,0,741882,237641,0,0,0,0,0,0,9838,29742,588072,199825,11300,25647,0,0,0,0,0,0,0,0,0,35,0,0,0,0,0,0,0,0,0,0,0,0,0,0,0,0,0,0,0,0,0,0,0,0,0,0,0,0,0,0,0,0,0,0,0,0,0,0,0.01,1.9,0.078656463,99.51,30.74,4.2,0.297517137,0.298982908,0.967921252,605.8178914,25.46547232,0.01,0.011683158,6.3,0.35
2022-01-01T00:00:00-05:00 - 2025-05-12T23:59:59-04:00,20240420 - inSync (A/B),5328efaa-cde2-4952-af4a-974812aa5eba,none,https://app.getblueshift.com/dashboard#/app/campaigns/5328efaa-cde2-4952-af4a-974812aa5eba/details,inSync Audience,65ba7ff4-c8ce-4d45-b8ef-3874a74ce89a,https://app.getblueshift.com/dashboard#/app/segments/65ba7ff4-c8ce-4d45-b8ef-3874a74ce89a/edit,4/20/24 18:00,One Time Send,4/20/24 22:03,3182263,3164889,485,7709,1445707,1035356,488.209607,1677000,3435,32.71,84485,54998,1.74,5.31,0.09,2969,0.01,209,16,3435,273,0,791,4268,0,0,0,10397,0,1126568,319122,0,0,0,0,0,0,281,3044,822099,254476,7784,53307,0,0,0,0,0,0,0,0,0,0,0,0,0,0,0,0,0,0,0,0,0,0,0,0,0,0,0,0,0,0,0,0,0,0,0,0,0,0,0,0,0,0,0,0,0,0,0,0,0.02,2.65,0.081599952,99.45,45.43,6.25,0.526983471,0.529876403,1.159986083,488.209607,30.49201789,0.01,0.01728267,8.04,0.24
2022-01-01T00:00:00-05:00 - 2025-05-12T23:59:59-04:00,20240504 - inSync (A/B),0ae0385c-8301-4861-941c-bda0748515bd,none,https://app.getblueshift.com/dashboard#/app/campaigns/0ae0385c-8301-4861-941c-bda0748515bd/details,inSync Audience,65ba7ff4-c8ce-4d45-b8ef-3874a74ce89a,https://app.getblueshift.com/dashboard#/app/segments/65ba7ff4-c8ce-4d45-b8ef-3874a74ce89a/edit,5/4/24 18:00,One Time Send,5/4/24 22:03,3171107,3157522,551,3093,1418575,1024942,410.9450704,1458855,3550,32.46,82326,53147,1.68,5.19,0.09,2874,0.01,288,11,3550,242,0,15376,63392,0,0,0,10523,0,1105585,312970,0,0,0,0,0,0,10454,45988,825798,241592,3025,50888,0,0,0,0,0,0,0,0,0,1,0,0,0,0,0,0,0,0,0,0,0,0,0,0,0,0,0,0,0,0,0,0,0,0,0,0,0,0,0,0,0,0,0,0,0,0,0,0,0.02,2.6,0.080322594,99.57,44.73,6.68,0.460045971,0.462025284,1.028394692,410.9450704,27.44943271,0.01,0.016759762,7.65,0.1
2022-01-01T00:00:00-05:00 - 2025-05-12T23:59:59-04:00,20250329 - inSync,fde33104-6cac-4a64-8c89-0c9536236308,none,https://app.getblueshift.com/dashboard#/app/campaigns/fde33104-6cac-4a64-8c89-0c9536236308/details,inSync Audience,65ba7ff4-c8ce-4d45-b8ef-3874a74ce89a,https://app.getblueshift.com/dashboard#/app/segments/65ba7ff4-c8ce-4d45-b8ef-3874a74ce89a/edit,3/29/25 18:00,One Time Send,3/29/25 22:03,3169184,3159210,271,5316,1318474,959307,567.7488152,1197950,2110,30.37,68607,39052,1.24,4.07,0.07,2147,0,124,15,2110,152,0,25392,43215,0,0,0,5031,0,1081382,237088,0,0,0,0,0,0,10428,31984,790870,193537,5273,29596,0,0,0,0,0,0,0,0,0,39,0,0,0,0,0,0,0,0,0,0,0,0,0,0,0,0,0,0,0,0,0,0,0,0,0,0,0,0,0,0,0,0,0,0,0,0,0,0,0.01,2.16,0.071517252,99.69,41.6,5.4,0.37799951,0.379192899,0.908588262,567.7488152,30.67576565,0,0.012322415,6.13,0.17
2022-01-01T00:00:00-05:00 - 2025-05-12T23:59:59-04:00,20240511 - inSync (A/B),d3c8ce15-5511-467c-b541-ae11fb8e2bff,none,https://app.getblueshift.com/dashboard#/app/campaigns/d3c8ce15-5511-467c-b541-ae11fb8e2bff/details,inSync Audience,65ba7ff4-c8ce-4d45-b8ef-3874a74ce89a,https://app.getblueshift.com/dashboard#/app/segments/65ba7ff4-c8ce-4d45-b8ef-3874a74ce89a/edit,5/11/24 18:00,One Time Send,5/11/24 22:33,3168067,3153823,543,4853,1404245,1042874,539.4630147,1546101,2866,33.07,77725,50758,1.61,4.87,0.1,2999,0.01,296,13,2866,220,0,15265,58927,0,0,0,10545,0,1096995,307226,0,0,0,0,0,0,9965,43229,835798,245424,4771,44600,0,0,0,0,0,0,0,0,0,3,0,0,0,0,0,0,0,0,0,0,0,0,0,0,0,0,0,0,0,0,0,0,0,0,0,0,0,0,0,0,0,0,0,0,0,0,0,0,0.02,2.45,0.074529617,99.55,44.32,5.65,0.488026611,0.490230745,1.101019409,539.4630147,30.46024272,0.01,0.016021757,7.78,0.15
2022-01-01T00:00:00-05:00 - 2025-05-12T23:59:59-04:00,20240427 - inSync (A/B),52c05818-ee1d-4359-a6cf-0570b6040db2,none,https://app.getblueshift.com/dashboard#/app/campaigns/52c05818-ee1d-4359-a6cf-0570b6040db2/details,inSync Audience,65ba7ff4-c8ce-4d45-b8ef-3874a74ce89a,https://app.getblueshift.com/dashboard#/app/segments/65ba7ff4-c8ce-4d45-b8ef-3874a74ce89a/edit,4/27/24 18:00,One Time Send,4/27/24 22:04,3164234,3151622,320,2431,1422436,1024853,498.6682175,1714920,3439,32.52,81307,53785,1.71,5.25,0.09,2900,0.01,308,9,3439,250,0,15125,62180,0,0,0,10432,0,1109003,313418,0,0,0,0,0,0,10433,46070,806571,250828,2381,51513,0,0,0,0,0,0,0,0,0,0,0,0,0,0,0,0,0,0,0,0,0,0,0,0,0,0,0,0,0,0,0,0,0,0,0,0,0,0,0,0,0,0,0,0,0,0,0,0,0.01,2.57,0.07933528,99.6,44.95,6.39,0.541970031,0.544138859,1.205621905,498.6682175,31.88472622,0.01,0.016997795,7.96,0.08
2022-01-01T00:00:00-05:00 - 2025-05-12T23:59:59-04:00,20230119 - Giveaway,a7511093-2e0a-45d4-96c5-5df394cdac4a,none,https://app.getblueshift.com/dashboard#/app/campaigns/a7511093-2e0a-45d4-96c5-5df394cdac4a/details,T1+2+3 - All,5bfa13cc-8e1d-423d-9392-6a579d326cc3,https://app.getblueshift.com/dashboard#/app/segments/5bfa13cc-8e1d-423d-9392-6a579d326cc3/edit,1/19/23 16:00,One Time Send,12/14/23 23:42,3160363,3115472,442,38154,1504155,1098477,277.1796511,1604593,5789,35.26,112497,90131,2.89,8.21,0.1,3070,0.01,411,1,5789,674,0,7,42,0,0,0,6326,0,1145705,358448,0,0,0,0,0,0,2,3,858181,279921,38513,126562,0,0,0,0,0,0,0,0,0,0,0,0,0,0,0,0,0,0,0,0,0,0,0,0,0,0,0,0,0,0,0,0,0,0,0,0,0,0,2176,0,0,0,0,0,0,0,0,0,0.01,3.56,0.102411794,98.58,47.59,6.42,0.507724271,0.515040097,1.066773704,277.1796511,17.802898,0.01,0.028519192,8.98,1.22
2022-01-01T00:00:00-05:00 - 2025-05-12T23:59:59-04:00,20240518 - inSync (A/B),1f9e1305-aff1-4d77-89a4-30eec5d24adf,none,https://app.getblueshift.com/dashboard#/app/campaigns/1f9e1305-aff1-4d77-89a4-30eec5d24adf/details,inSync Audience,65ba7ff4-c8ce-4d45-b8ef-3874a74ce89a,https://app.getblueshift.com/dashboard#/app/segments/65ba7ff4-c8ce-4d45-b8ef-3874a74ce89a/edit,5/18/24 18:00,One Time Send,5/18/24 22:03,3157541,3142885,544,4868,1391750,1030204,578.2362934,1497632,2590,32.78,73832,49498,1.57,4.8,0.1,2997,0.01,267,9,2590,191,0,14322,56213,0,0,0,10505,0,1089175,302559,0,0,0,0,0,0,9935,41181,826060,235086,4862,43365,0,0,0,0,0,0,0,0,0,4,0,0,0,0,0,0,0,0,0,0,0,0,0,0,0,0,0,0,0,0,0,0,0,0,0,0,0,0,0,0,0,0,0,0,0,0,0,0,0.02,2.34,0.071667359,99.54,44.08,5.23,0.474303263,0.476515049,1.076078319,578.2362934,30.2564144,0.01,0.015676123,7.48,0.15
2022-01-01T00:00:00-05:00 - 2025-05-12T23:59:59-04:00,Welcome Series V2,23b1db6b-4048-4f1a-9916-e5f277a26506,none,https://app.getblueshift.com/dashboard#/app/campaigns/23b1db6b-4048-4f1a-9916-e5f277a26506/details,none,none,https://app.getblueshift.com/dashboard#/app/segments/none/edit,4/26/24 13:13,Event Triggered,2/21/25 21:14,3154651,2213028,6276,15837,522207,341023,515.7285559,949972,1842,15.41,35291,20474,0.93,6,0.22,4881,0.02,453,4,1842,1013,0,10696,23838,0,0,0,9686,0,300706,221493,548783,2,0,0,0,0,3598,17551,217544,148282,15607,13965,0,0,0,0,0,0,0,0,0,17,0,0,0,0,0,0,0,0,0,0,0,0,0,0,0,0,0,0,0,0,0,0,0,0,0,0,0,0,0,0,0,0,0,0,0,0,0,0,0.2,1.12,0.103485689,70.15,16.55,9,0.301133786,0.429263435,1.819148345,515.7285559,46.398945,0.01,0.0064901,6.7,0.49
2022-01-01T00:00:00-05:00 - 2025-05-12T23:59:59-04:00,20240525 - inSync (A/B),4eb12908-3e4e-45d3-ae84-0d4c47748f98,none,https://app.getblueshift.com/dashboard#/app/campaigns/4eb12908-3e4e-45d3-ae84-0d4c47748f98/details,inSync Audience,65ba7ff4-c8ce-4d45-b8ef-3874a74ce89a,https://app.getblueshift.com/dashboard#/app/segments/65ba7ff4-c8ce-4d45-b8ef-3874a74ce89a/edit,5/25/24 18:00,One Time Send,5/25/24 22:33,3150414,3134893,175,5714,1371303,1001953,533.4936937,1184356,2220,31.96,67179,44693,1.43,4.46,0.09,2941,0.01,210,10,2220,170,0,14282,49480,0,0,0,10521,0,1076368,294906,0,0,0,0,0,0,9749,36868,808445,238091,5696,38028,0,0,0,0,0,0,0,0,0,18,0,0,0,0,0,0,0,0,0,0,0,0,0,0,0,0,0,0,0,0,0,0,0,0,0,0,0,0,0,0,0,0,0,0,0,0,0,0,0.01,2.13,0.067048055,99.51,43.53,4.97,0.375936623,0.377797903,0.863671997,533.4936937,26.49980981,0.01,0.014186389,7.59,0.18
2022-01-01T00:00:00-05:00 - 2025-05-12T23:59:59-04:00,20240601 - inSync (A/B),69eca45f-9300-4f45-933a-5851d58cf9b2,none,https://app.getblueshift.com/dashboard#/app/campaigns/69eca45f-9300-4f45-933a-5851d58cf9b2/details,inSync Audience,65ba7ff4-c8ce-4d45-b8ef-3874a74ce89a,https://app.getblueshift.com/dashboard#/app/segments/65ba7ff4-c8ce-4d45-b8ef-3874a74ce89a/edit,6/1/24 18:00,One Time Send,6/1/24 22:18,3138172,3121784,490,6007,1349293,959995,465.4893396,895136,1923,30.75,60996,39771,1.27,4.14,0.09,2682,0.01,238,16,1923,148,0,14102,43330,0,0,0,10570,0,1060495,288782,0,0,0,0,0,0,9467,32652,788957,229568,5963,33484,0,0,0,0,0,0,0,0,0,25,0,0,0,0,0,0,0,0,0,0,0,0,0,0,0,0,0,0,0,0,0,0,0,0,0,0,0,0,0,0,0,0,0,0,0,0,0,0,0.02,1.94,0.063537831,99.48,43,4.84,0.285241217,0.286738608,0.663411135,465.4893396,22.50725403,0.01,0.012673302,7.35,0.19
2022-01-01T00:00:00-05:00 - 2025-05-12T23:59:59-04:00,20250315 - inSync A/B,8f60c118-9184-4fa3-ac7a-2be3a6453a23,none,https://app.getblueshift.com/dashboard#/app/campaigns/8f60c118-9184-4fa3-ac7a-2be3a6453a23/details,inSync Audience,65ba7ff4-c8ce-4d45-b8ef-3874a74ce89a,https://app.getblueshift.com/dashboard#/app/segments/65ba7ff4-c8ce-4d45-b8ef-3874a74ce89a/edit,3/15/25 18:00,One Time Send,3/15/25 23:09,3133083,3117417,567,11338,907228,703659,575.7389163,701250,1218,22.57,60445,28589,0.92,4.06,0.09,2710,0.01,170,5,1218,102,0,32763,27682,0,0,0,4957,0,751516,155706,0,0,0,0,0,0,8909,21067,597195,127887,11300,19769,0,0,0,0,0,0,0,0,0,21,0,0,0,0,0,0,0,0,0,0,0,0,0,0,0,0,0,0,0,0,0,0,0,0,0,0,0,0,0,0,0,0,0,0,0,0,0,0,0.02,1.93,0.085900983,99.5,28.96,4.26,0.223821073,0.224945845,0.772958947,575.7389163,24.52866487,0.01,0.009124878,4.1,0.36
2022-01-01T00:00:00-05:00 - 2025-05-12T23:59:59-04:00,20240608 - inSync (A/B),77dfa786-74fb-4697-acad-58a9d2bde461,none,https://app.getblueshift.com/dashboard#/app/campaigns/77dfa786-74fb-4697-acad-58a9d2bde461/details,inSync Audience,65ba7ff4-c8ce-4d45-b8ef-3874a74ce89a,https://app.getblueshift.com/dashboard#/app/segments/65ba7ff4-c8ce-4d45-b8ef-3874a74ce89a/edit,6/8/24 18:00,One Time Send,6/8/24 22:33,3129484,3114445,601,5116,1347901,1010382,545.489605,1049522,1924,32.44,61756,38156,1.23,3.78,0.1,2990,0.01,233,8,1924,138,0,16220,39958,0,0,0,10586,0,1063324,284567,0,0,0,0,0,0,9918,30015,815297,237521,5153,31390,0,0,0,0,0,0,0,0,0,35,0,0,0,0,0,0,0,0,0,0,0,0,0,0,0,0,0,0,0,0,0,0,0,0,0,0,0,0,0,0,0,0,0,0,0,0,0,0,0.02,1.97,0.061121437,99.52,43.07,5.04,0.33536583,0.336985241,0.778634336,545.489605,27.5060803,0.01,0.012192425,7.63,0.16
2022-01-01T00:00:00-05:00 - 2025-05-12T23:59:59-04:00,20240620 - Giveaway,7f03d31e-ed3c-4b65-aa7c-86292877d40e,none,https://app.getblueshift.com/dashboard#/app/campaigns/7f03d31e-ed3c-4b65-aa7c-86292877d40e/details,Giveaway Segment V2,3c33e0c2-377a-407e-a3e9-48fdf6f008a1,https://app.getblueshift.com/dashboard#/app/segments/3c33e0c2-377a-407e-a3e9-48fdf6f008a1/edit,6/20/24 15:10,One Time Send,6/21/24 2:33,3112824,3090628,343,8375,1156627,865363,447.3414634,917050,2050,28,55733,35907,1.16,4.15,0.08,2612,0.01,174,0,2050,181,0,14998,36727,0,0,0,10016,0,916913,239705,0,0,0,0,0,0,9641,28574,701199,198477,8423,30069,0,0,0,0,0,0,0,0,0,20,0,0,0,0,0,0,0,0,0,0,0,0,0,0,0,0,0,0,0,0,0,0,0,0,0,0,0,0,0,0,0,0,0,0,0,0,0,0,0.01,1.79,0.064404186,99.29,37.16,5.71,0.294603871,0.296719631,0.792865807,447.3414634,25.53958838,0.01,0.011535185,6.42,0.27
2022-01-01T00:00:00-05:00 - 2025-05-12T23:59:59-04:00,20241025 - Giveaway,0a3305fd-9420-4391-b3e3-692a4ac4ecf9,none,https://app.getblueshift.com/dashboard#/app/campaigns/0a3305fd-9420-4391-b3e3-692a4ac4ecf9/details,Giveaway Segment V2,3c33e0c2-377a-407e-a3e9-48fdf6f008a1,https://app.getblueshift.com/dashboard#/app/segments/3c33e0c2-377a-407e-a3e9-48fdf6f008a1/edit,10/25/24 14:00,One Time Send,10/25/24 20:18,3097056,3080221,1932,12611,1356721,932555,554.3695175,1516755,2736,30.28,74690,54369,1.77,5.83,0.05,1436,0.01,229,0,2736,202,0,18890,55800,0,0,0,3588,0,1101706,255011,0,0,0,0,0,0,9022,47414,762007,202862,12634,40710,0,0,0,0,0,0,0,0,0,50,0,0,0,0,0,0,0,0,0,0,0,0,0,0,0,0,0,0,0,0,0,0,0,0,0,0,0,0,0,0,0,0,0,0,0,0,0,0,0.06,2.41,0.080091791,99.46,43.81,5.03,0.489740902,0.49241759,1.117956455,554.3695175,27.89742316,0.01,0.017555059,6.59,0.41
2022-01-01T00:00:00-05:00 - 2025-05-12T23:59:59-04:00,20240725 - Giveaway,01513525-4ced-4cde-9e89-b615bc20dfa5,none,https://app.getblueshift.com/dashboard#/app/campaigns/01513525-4ced-4cde-9e89-b615bc20dfa5/details,Giveaway Segment V2,3c33e0c2-377a-407e-a3e9-48fdf6f008a1,https://app.getblueshift.com/dashboard#/app/segments/3c33e0c2-377a-407e-a3e9-48fdf6f008a1/edit,7/25/24 14:00,One Time Send,7/25/24 19:12,3085979,3068537,468,8059,832992,627853,449.8449511,690512,1535,20.46,53755,33166,1.08,5.28,0.05,1654,0.01,234,5,1535,126,0,18440,35315,0,0,0,9883,0,605602,227384,0,0,0,0,0,0,8518,26491,459962,188710,8162,24628,0,0,0,0,0,0,0,0,0,28,0,0,0,0,0,0,0,0,0,0,0,0,0,0,0,0,0,0,0,0,0,0,0,0,0,0,0,0,0,0,0,0,0,0,0,0,0,0,0.02,1.74,0.085617175,99.43,26.99,4.63,0.223757842,0.225029713,0.82895394,449.8449511,20.81987578,0.01,0.010747319,6.15,0.26
2022-01-01T00:00:00-05:00 - 2025-05-12T23:59:59-04:00,20240912 - Giveaway,3c0a7d32-773c-47fe-a67c-788a1acfa425,none,https://app.getblueshift.com/dashboard#/app/campaigns/3c0a7d32-773c-47fe-a67c-788a1acfa425/details,Giveaway Segment V2,3c33e0c2-377a-407e-a3e9-48fdf6f008a1,https://app.getblueshift.com/dashboard#/app/segments/3c33e0c2-377a-407e-a3e9-48fdf6f008a1/edit,9/12/24 15:30,One Time Send,9/12/24 20:42,3079666,3059090,438,10454,1351101,945649,501.6349306,1591186,3172,30.91,87670,57357,1.87,6.07,0.05,1433,0.01,289,1,3172,259,0,18512,69158,0,0,0,9830,0,1089167,261932,0,0,0,0,0,0,9654,51369,772840,212561,10283,47628,0,0,0,0,0,0,0,0,0,46,0,0,0,0,0,0,0,0,0,0,0,0,0,0,0,0,0,0,0,0,0,0,0,0,0,0,0,0,0,0,0,0,0,0,0,0,0,0,0.01,2.85,0.092708817,99.33,43.87,5.53,0.51667486,0.52015011,1.17769582,501.6349306,27.74179263,0.01,0.018624422,6.95,0.33
2022-01-01T00:00:00-05:00 - 2025-05-12T23:59:59-04:00,20241215 - Giveaway,f8eb6156-dea7-4974-8055-817e283ddf65,none,https://app.getblueshift.com/dashboard#/app/campaigns/f8eb6156-dea7-4974-8055-817e283ddf65/details,Giveaway Segment V2,3c33e0c2-377a-407e-a3e9-48fdf6f008a1,https://app.getblueshift.com/dashboard#/app/segments/3c33e0c2-377a-407e-a3e9-48fdf6f008a1/edit,12/15/24 17:00,One Time Send,12/15/24 23:09,3074103,3059404,1185,10951,1355161,973415,473.5736282,1691605,3572,31.82,77814,50764,1.66,5.22,0.07,2162,0.01,241,1,3572,321,0,22326,55488,0,0,0,4061,0,1090434,264724,0,1,0,0,0,0,9773,43202,784831,214531,10900,38806,0,0,0,0,0,0,0,0,0,46,0,0,0,0,0,0,0,0,0,0,0,0,0,0,0,0,0,0,0,0,0,0,0,0,0,0,0,0,0,0,0,0,0,0,0,0,0,0,0.04,2.53,0.079939183,99.52,44.08,7.04,0.550275967,0.552919784,1.248268656,473.5736282,33.3229257,0.01,0.016513435,7.01,0.35
2022-01-01T00:00:00-05:00 - 2025-05-12T23:59:59-04:00,20240807 - Giveaway,cba9d80b-4474-491e-9553-af2eeb1fb264,none,https://app.getblueshift.com/dashboard#/app/campaigns/cba9d80b-4474-491e-9553-af2eeb1fb264/details,Giveaway Segment V2,3c33e0c2-377a-407e-a3e9-48fdf6f008a1,https://app.getblueshift.com/dashboard#/app/segments/3c33e0c2-377a-407e-a3e9-48fdf6f008a1/edit,8/7/24 14:00,One Time Send,8/7/24 19:09,3073604,3060058,331,4039,1138973,830303,578.7853598,1399503,2418,27.13,66664,43636,1.43,5.26,0.05,1673,0.01,161,0,2418,203,0,18880,47784,0,0,0,9964,0,899324,239646,0,0,0,0,0,0,9013,36389,671031,193348,4041,33817,0,0,0,0,0,0,0,0,0,45,0,0,0,0,0,0,0,0,0,0,0,0,0,0,0,0,0,0,0,0,0,0,0,0,0,0,0,0,0,0,0,0,0,0,0,0,0,0,0.01,2.17,0.080288762,99.56,37.06,5.54,0.455329639,0.457345253,1.228741155,578.7853598,32.07221102,0.01,0.014197014,6.32,0.13
2022-01-01T00:00:00-05:00 - 2025-05-12T23:59:59-04:00,20250115 - January Giveaway,a72caaf6-890a-45ec-bef6-eaa70dbd50da,none,https://app.getblueshift.com/dashboard#/app/campaigns/a72caaf6-890a-45ec-bef6-eaa70dbd50da/details,Giveaway Segment V2,3c33e0c2-377a-407e-a3e9-48fdf6f008a1,https://app.getblueshift.com/dashboard#/app/segments/3c33e0c2-377a-407e-a3e9-48fdf6f008a1/edit,1/15/25 15:00,One Time Send,1/15/25 21:06,3068980,3055474,718,8721,1372658,1015211,450.6292455,1738077,3857,33.23,97521,59817,1.96,5.89,0.07,2080,0.01,300,3,3857,304,0,28626,68895,0,0,0,4314,0,1094885,277769,0,0,0,0,0,0,10759,51510,820131,227868,8734,49078,0,0,0,0,0,0,0,0,0,86,0,0,0,0,0,0,0,0,0,0,0,0,0,0,0,0,0,0,0,0,0,0,0,0,0,0,0,0,0,0,0,0,0,0,0,0,0,0,0.02,3.18,0.096059834,99.56,44.73,6.45,0.566337024,0.568840383,1.266212706,450.6292455,29.05657255,0.01,0.019490841,7.46,0.28
2022-01-01T00:00:00-05:00 - 2025-05-12T23:59:59-04:00,20250327 - March Giveaway,24055272-4fcc-4809-b8f8-b132adc7be15,none,https://app.getblueshift.com/dashboard#/app/campaigns/24055272-4fcc-4809-b8f8-b132adc7be15/details,Giveaway Segment V2,3c33e0c2-377a-407e-a3e9-48fdf6f008a1,https://app.getblueshift.com/dashboard#/app/segments/3c33e0c2-377a-407e-a3e9-48fdf6f008a1/edit,3/27/25 14:00,One Time Send,3/27/25 19:16,3067473,3054686,512,8300,962695,740906,586.2175658,1314886,2243,24.25,56335,35177,1.15,4.75,0.07,2055,0,123,1,2243,151,0,22818,33515,0,0,0,4786,0,731860,230830,0,0,0,0,0,0,9690,27521,585008,191416,8237,24529,0,0,0,0,0,0,0,0,0,34,0,0,0,0,0,0,0,0,0,0,0,0,0,0,0,0,0,0,0,0,0,0,0,0,0,0,0,0,0,0,0,0,0,0,0,0,0,0,0.02,1.84,0.076035287,99.58,31.38,6.38,0.428654466,0.430448825,1.365838609,586.2175658,37.37913978,0,0.011467746,6.27,0.27